Equipo,Modo_Cobro,Contado_CuotaInicial,ContadoOnline_CantidadCuota,CONTADO_CUOTAS,Plan_Tarifario
Samsung Galaxy A53 ,CONTADO,2520,1529,, 39.9
Samsung Galaxy A53 ,CUOTA,0,18,145 , 39.9
Samsung Galaxy A53 ,CONTADO,2520,1529,, 55.9
Samsung Galaxy A53 ,CUOTA,1169,12,98 , 55.9
Samsung Galaxy A53 ,CUOTA,0,18,145 , 55.9
Samsung Galaxy A53 ,CONTADO,2520,1419,, 74.9
Samsung Galaxy A53 ,CUOTA,1029,12,97 , 74.9
Samsung Galaxy A53 ,CUOTA,0,18,135 , 74.9
Samsung Galaxy A53 ,CONTADO,2520,1419,, 89.9
Samsung Galaxy A53 ,CUOTA,889,12,97 , 89.9
Samsung Galaxy A53 ,CUOTA,0,18,132 , 89.9
Samsung Galaxy A53 ,CONTADO,2520,1419,, 99.9
Samsung Galaxy A53 ,CUOTA,889,12,97 , 99.9
Samsung Galaxy A53 ,CUOTA,0,18,132 , 99.9
Samsung Galaxy A53 ,CONTADO,2520,1419,, 109.9
Samsung Galaxy A53 ,CUOTA,839,12,91 , 109.9
Samsung Galaxy A53 ,CUOTA,0,18,132 , 109.9
Samsung Galaxy A53 ,CONTADO,2520,1419,, 129.9
Samsung Galaxy A53 ,CUOTA,779,12,96 , 129.9
Samsung Galaxy A53 ,CUOTA,0,18,132 , 129.9
Samsung Galaxy A53 ,CONTADO,2520,1419,, 159.5
Samsung Galaxy A53 ,CUOTA,779,12,96 , 159.5
Samsung Galaxy A53 ,CUOTA,0,18,132 , 159.5
Samsung Galaxy A53 ,CUOTA,0,18,132 , 209.5
Samsung Galaxy A53 ,CUOTA,709,12,102 , 209.5
Samsung Galaxy A53 ,CUOTA,0,18,132 , 209.5
Motorola Moto G31 ,CONTADO,28%,dto.,, 39.9
Motorola Moto G31 ,CUOTA,0,12,86 , 39.9
Motorola Moto G31 ,CUOTA,229,18,53 , 39.9
Motorola Moto G31 ,CONTADO,28%,dto.,, 55.9
Motorola Moto G31 ,CUOTA,0,12,86 , 55.9
Motorola Moto G31 ,CUOTA,179,18,52 , 55.9
Motorola Moto G31 ,CONTADO,28%,dto.,, 74.9
Motorola Moto G31 ,CUOTA,0,12,86 , 74.9
Motorola Moto G31 ,CUOTA,179,18,52 , 74.9
Motorola Moto G31 ,CONTADO,28%,dto.,, 89.9
Motorola Moto G31 ,CUOTA,0,12,86 , 89.9
Motorola Moto G31 ,CUOTA,109,18,52 , 89.9
Motorola Moto G31 ,CONTADO,28%,dto.,, 99.9
Motorola Moto G31 ,CUOTA,0,12,86 , 99.9
Motorola Moto G31 ,CUOTA,109,18,52 , 99.9
Motorola Moto G31 ,CONTADO,28%,dto.,, 109.9
Motorola Moto G31 ,CUOTA,0,12,86 , 109.9
Motorola Moto G31 ,CUOTA,59,18,55 , 109.9
Motorola Moto G31 ,CONTADO,28%,dto.,, 129.9
Motorola Moto G31 ,CUOTA,0,12,86 , 129.9
Motorola Moto G31 ,CUOTA,59,18,55 , 129.9
Motorola Moto G31 ,CONTADO,28%,dto.,, 159.5
Motorola Moto G31 ,CUOTA,0,12,86 , 159.5
Motorola Moto G31 ,CUOTA,59,18,55 , 159.5
Motorola Moto G31 ,CONTADO,28%,dto.,, 209.5
Motorola Moto G31 ,CUOTA,0,12,86 , 209.5
Motorola Moto G31 ,CUOTA,59,18,55 , 209.5
ZTE Blade V30 Vita ,|,CONTADO,28%,, 39.9
ZTE Blade V30 Vita ,|,CUOTA,0,53 , 39.9
ZTE Blade V30 Vita ,|,CUOTA,119,30 , 39.9
ZTE Blade V30 Vita ,|,CUOTA,79,30 , 55.9
ZTE Blade V30 Vita ,|,CUOTA,0,53 , 55.9
ZTE Blade V30 Vita ,|,CUOTA,79,30 , 55.9
ZTE Blade V30 Vita ,|,CONTADO,28%,, 74.9
ZTE Blade V30 Vita ,|,CUOTA,0,53 , 74.9
ZTE Blade V30 Vita ,|,CUOTA,79,30 , 74.9
ZTE Blade V30 Vita ,|,CONTADO,28%,, 89.9
ZTE Blade V30 Vita ,|,CUOTA,0,53 , 89.9
ZTE Blade V30 Vita ,|,CUOTA,0,32 , 89.9
ZTE Blade V30 Vita ,|,CONTADO,28%,, 99.9
ZTE Blade V30 Vita ,|,CUOTA,0,53 , 99.9
ZTE Blade V30 Vita ,|,CUOTA,0,32 , 99.9
ZTE Blade V30 Vita ,|,CONTADO,28%,, 109.9
ZTE Blade V30 Vita ,|,CUOTA,0,53 , 109.9
ZTE Blade V30 Vita ,|,CUOTA,0,32 , 109.9
ZTE Blade V30 Vita ,|,CONTADO,28%,, 129.9
ZTE Blade V30 Vita ,|,CUOTA,0,53 , 129.9
ZTE Blade V30 Vita ,|,CUOTA,0,32 , 129.9
ZTE Blade V30 Vita ,|,CONTADO,28%,, 159.5
ZTE Blade V30 Vita ,|,CUOTA,0,53 , 159.5
ZTE Blade V30 Vita ,|,CUOTA,0,32 , 159.5
ZTE Blade V30 Vita ,|,CONTADO,28%,, 209.5
ZTE Blade V30 Vita ,|,CUOTA,0,53 , 209.5
ZTE Blade V30 Vita ,|,CUOTA,0,32 , 209.5
Samsung Galaxy S21 FE 128GB ,128GB,|,CONTADO,, 39.9
Samsung Galaxy S21 FE 128GB ,128GB,|,CONTADO,, 55.9
Samsung Galaxy S21 FE 128GB ,128GB,|,CUOTA,321 , 55.9
Samsung Galaxy S21 FE 128GB ,128GB,|,CUOTA,263 , 55.9
Samsung Galaxy S21 FE 128GB ,128GB,|,CONTADO,, 74.9
Samsung Galaxy S21 FE 128GB ,128GB,|,CUOTA,318 , 74.9
Samsung Galaxy S21 FE 128GB ,128GB,|,CUOTA,260 , 74.9
Samsung Galaxy S21 FE 128GB ,128GB,|,CONTADO,, 89.9
Samsung Galaxy S21 FE 128GB ,128GB,|,CUOTA,302 , 89.9
Samsung Galaxy S21 FE 128GB ,128GB,|,CUOTA,247 , 89.9
Samsung Galaxy S21 FE 128GB ,128GB,|,CONTADO,, 99.9
Samsung Galaxy S21 FE 128GB ,128GB,|,CUOTA,302 , 99.9
Samsung Galaxy S21 FE 128GB ,128GB,|,CUOTA,247 , 99.9
Samsung Galaxy S21 FE 128GB ,128GB,|,CONTADO,, 109.9
Samsung Galaxy S21 FE 128GB ,128GB,|,CUOTA,302 , 109.9
Samsung Galaxy S21 FE 128GB ,128GB,|,CUOTA,247 , 109.9
Samsung Galaxy S21 FE 128GB ,128GB,|,CONTADO,, 129.9
Samsung Galaxy S21 FE 128GB ,128GB,|,CUOTA,302 , 129.9
Samsung Galaxy S21 FE 128GB ,128GB,|,CUOTA,247 , 129.9
Samsung Galaxy S21 FE 128GB ,128GB,|,CONTADO,, 159.5
Samsung Galaxy S21 FE 128GB ,128GB,|,CUOTA,302 , 159.5
Samsung Galaxy S21 FE 128GB ,128GB,|,CUOTA,247 , 159.5
Samsung Galaxy S21 FE 128GB ,128GB,|,CONTADO,, 209.5
Samsung Galaxy S21 FE 128GB ,128GB,|,CUOTA,302 , 209.5
Samsung Galaxy S21 FE 128GB ,128GB,|,CUOTA,247 , 209.5
Oppo A54 ,17%,dto.,EXCLUSIVO,, 39.9
Oppo A54 ,615,12,CUOTAS,66 , 39.9
Oppo A54 ,219,18,CUOTAS,66 , 39.9
Oppo A54 ,17%,dto.,EXCLUSIVO,, 55.9
Oppo A54 ,609,12,CUOTAS,75 , 55.9
Oppo A54 ,159,18,CUOTAS,75 , 55.9
Oppo A54 ,17%,dto.,EXCLUSIVO,, 74.9
Oppo A54 ,504,12,CUOTAS,84 , 74.9
Oppo A54 ,0,18,CUOTAS,84 , 74.9
Oppo A54 ,17%,dto.,EXCLUSIVO,, 89.9
Oppo A54 ,438,12,CUOTAS,73 , 89.9
Oppo A54 ,0,18,CUOTAS,73 , 89.9
Oppo A54 ,17%,dto.,EXCLUSIVO,, 99.9
Oppo A54 ,438,12,CUOTAS,73 , 99.9
Oppo A54 ,0,18,CUOTAS,73 , 99.9
Oppo A54 ,17%,dto.,EXCLUSIVO,, 109.9
Oppo A54 ,414,12,CUOTAS,69 , 109.9
Oppo A54 ,0,18,CUOTAS,69 , 109.9
Oppo A54 ,17%,dto.,EXCLUSIVO,, 129.9
Oppo A54 ,414,12,CUOTAS,69 , 129.9
Oppo A54 ,0,18,CUOTAS,69 , 129.9
Oppo A54 ,17%,dto.,EXCLUSIVO,, 159.5
Oppo A54 ,414,12,CUOTAS,69 , 159.5
Oppo A54 ,0,18,CUOTAS,69 , 159.5
Oppo A54 ,17%,dto.,EXCLUSIVO,, 209.5
Oppo A54 ,414,12,CUOTAS,69 , 209.5
Oppo A54 ,0,18,CUOTAS,69 , 209.5
SAMSUNG Galaxy A03 Core ,|,CONTADO,29%,, 39.9
SAMSUNG Galaxy A03 Core ,|,CUOTA,209,26 , 39.9
SAMSUNG Galaxy A03 Core ,|,CUOTA,49,26 , 39.9
SAMSUNG Galaxy A03 Core ,|,CONTADO,29%,, 55.9
SAMSUNG Galaxy A03 Core ,|,CUOTA,209,26 , 55.9
SAMSUNG Galaxy A03 Core ,|,CUOTA,49,26 , 55.9
SAMSUNG Galaxy A03 Core ,|,CONTADO,29%,, 74.9
SAMSUNG Galaxy A03 Core ,|,CUOTA,189,25 , 74.9
SAMSUNG Galaxy A03 Core ,|,CUOTA,39,25 , 74.9
SAMSUNG Galaxy A03 Core ,|,CONTADO,29%,, 89.9
SAMSUNG Galaxy A03 Core ,|,CUOTA,189,25 , 89.9
SAMSUNG Galaxy A03 Core ,|,CUOTA,39,25 , 89.9
SAMSUNG Galaxy A03 Core ,|,CONTADO,29%,, 99.9
SAMSUNG Galaxy A03 Core ,|,CUOTA,189,25 , 99.9
SAMSUNG Galaxy A03 Core ,|,CUOTA,39,25 , 99.9
SAMSUNG Galaxy A03 Core ,|,CONTADO,29%,, 109.9
SAMSUNG Galaxy A03 Core ,|,CUOTA,189,25 , 109.9
SAMSUNG Galaxy A03 Core ,|,CUOTA,39,25 , 109.9
SAMSUNG Galaxy A03 Core ,|,CONTADO,29%,, 129.9
SAMSUNG Galaxy A03 Core ,|,CUOTA,189,25 , 129.9
SAMSUNG Galaxy A03 Core ,|,CUOTA,39,25 , 129.9
SAMSUNG Galaxy A03 Core ,|,CONTADO,29%,, 159.5
SAMSUNG Galaxy A03 Core ,|,CUOTA,189,25 , 159.5
SAMSUNG Galaxy A03 Core ,|,CUOTA,39,25 , 159.5
SAMSUNG Galaxy A03 Core ,|,CONTADO,29%,, 209.5
SAMSUNG Galaxy A03 Core ,|,CUOTA,189,25 , 209.5
SAMSUNG Galaxy A03 Core ,|,CUOTA,39,25 , 209.5
Apple iPhone 14 128GB ,|,CONTADO,3599,, 55.9
Apple iPhone 14 128GB ,|,CONTADO,3599,, 74.9
Apple iPhone 14 128GB ,|,CUOTA,2159,199 , 74.9
Apple iPhone 14 128GB ,|,CUOTA,1999,150 , 74.9
Apple iPhone 14 128GB ,|,CONTADO,3599,, 89.9
Apple iPhone 14 128GB ,|,CUOTA,2159,199 , 89.9
Apple iPhone 14 128GB ,|,CUOTA,1999,150 , 89.9
Apple iPhone 14 128GB ,|,CONTADO,3599,, 99.9
Apple iPhone 14 128GB ,|,CUOTA,2159,199 , 99.9
Apple iPhone 14 128GB ,|,CUOTA,1999,150 , 99.9
Apple iPhone 14 128GB ,|,CONTADO,3599,, 109.9
Apple iPhone 14 128GB ,|,CUOTA,2159,199 , 109.9
Apple iPhone 14 128GB ,|,CUOTA,1999,150 , 109.9
Apple iPhone 14 128GB ,|,CONTADO,3599,, 129.9
Apple iPhone 14 128GB ,|,CUOTA,2159,199 , 129.9
Apple iPhone 14 128GB ,|,CUOTA,1999,150 , 129.9
Apple iPhone 14 128GB ,|,CONTADO,3599,, 159.5
Apple iPhone 14 128GB ,|,CUOTA,2159,199 , 159.5
Apple iPhone 14 128GB ,|,CUOTA,1999,150 , 159.5
Apple iPhone 14 128GB ,|,CONTADO,3599,, 209.5
Apple iPhone 14 128GB ,|,CUOTA,2159,199 , 209.5
Apple iPhone 14 128GB ,|,CUOTA,1999,150 , 209.5
Apple iPhone 13 Pro Max 128GB ,Max,128GB,|,, 39.9
Apple iPhone 13 Pro Max 128GB ,Max,128GB,|,198 , 39.9
Apple iPhone 13 Pro Max 128GB ,Max,128GB,|,198 , 55.9
Apple iPhone 13 Pro Max 128GB ,Max,128GB,|,198 , 55.9
Apple iPhone 13 Pro Max 128GB ,Max,128GB,|,171 , 55.9
Apple iPhone 13 Pro Max 128GB ,Max,128GB,|,, 74.9
Apple iPhone 13 Pro Max 128GB ,Max,128GB,|,502 , 74.9
Apple iPhone 13 Pro Max 128GB ,Max,128GB,|,401 , 74.9
Apple iPhone 13 Pro Max 128GB ,Max,128GB,|,, 89.9
Apple iPhone 13 Pro Max 128GB ,Max,128GB,|,471 , 89.9
Apple iPhone 13 Pro Max 128GB ,Max,128GB,|,359 , 89.9
Apple iPhone 13 Pro Max 128GB ,Max,128GB,|,, 99.9
Apple iPhone 13 Pro Max 128GB ,Max,128GB,|,471 , 99.9
Apple iPhone 13 Pro Max 128GB ,Max,128GB,|,359 , 99.9
Apple iPhone 13 Pro Max 128GB ,Max,128GB,|,, 109.9
Apple iPhone 13 Pro Max 128GB ,Max,128GB,|,471 , 109.9
Apple iPhone 13 Pro Max 128GB ,Max,128GB,|,359 , 109.9
Apple iPhone 13 Pro Max 128GB ,Max,128GB,|,, 129.9
Apple iPhone 13 Pro Max 128GB ,Max,128GB,|,471 , 129.9
Apple iPhone 13 Pro Max 128GB ,Max,128GB,|,359 , 129.9
Apple iPhone 13 Pro Max 128GB ,Max,128GB,|,, 159.5
Apple iPhone 13 Pro Max 128GB ,Max,128GB,|,471 , 159.5
Apple iPhone 13 Pro Max 128GB ,Max,128GB,|,359 , 159.5
Apple iPhone 13 Pro Max 128GB ,Max,128GB,|,, 209.5
Apple iPhone 13 Pro Max 128GB ,Max,128GB,|,471 , 209.5
Apple iPhone 13 Pro Max 128GB ,Max,128GB,|,359 , 209.5
Vivo V21 ,28%,dto.,EXCLUSIVO,, 39.9
Vivo V21 ,28%,dto.,EXCLUSIVO,, 55.9
Vivo V21 ,929,12,CUOTAS,77 , 55.9
Vivo V21 ,469,18,CUOTAS,77 , 55.9
Vivo V21 ,28%,dto.,EXCLUSIVO,, 74.9
Vivo V21 ,799,12,CUOTAS,77 , 74.9
Vivo V21 ,339,18,CUOTAS,77 , 74.9
Vivo V21 ,28%,dto.,EXCLUSIVO,, 89.9
Vivo V21 ,709,12,CUOTAS,76 , 89.9
Vivo V21 ,249,18,CUOTAS,76 , 89.9
Vivo V21 ,28%,dto.,EXCLUSIVO,, 99.9
Vivo V21 ,709,12,CUOTAS,76 , 99.9
Vivo V21 ,249,18,CUOTAS,76 , 99.9
Vivo V21 ,28%,dto.,EXCLUSIVO,, 109.9
Vivo V21 ,659,12,CUOTAS,72 , 109.9
Vivo V21 ,229,18,CUOTAS,72 , 109.9
Vivo V21 ,28%,dto.,EXCLUSIVO,, 129.9
Vivo V21 ,609,12,CUOTAS,76 , 129.9
Vivo V21 ,159,18,CUOTAS,76 , 129.9
Vivo V21 ,28%,dto.,EXCLUSIVO,, 159.5
Vivo V21 ,609,12,CUOTAS,76 , 159.5
Vivo V21 ,159,18,CUOTAS,76 , 159.5
Vivo V21 ,28%,dto.,EXCLUSIVO,, 209.5
Vivo V21 ,569,12,CUOTAS,80 , 209.5
Vivo V21 ,89,18,CUOTAS,80 , 209.5
Apple iPhone 13 Pro 128GB ,128GB,|,CONTADO,, 39.9
Apple iPhone 13 Pro 128GB ,128GB,|,CUOTA,227 , 39.9
Apple iPhone 13 Pro 128GB ,128GB,|,CONTADO,, 55.9
Apple iPhone 13 Pro 128GB ,128GB,|,CUOTA,227 , 55.9
Apple iPhone 13 Pro 128GB ,128GB,|,CUOTA,195 , 55.9
Apple iPhone 13 Pro 128GB ,128GB,|,CONTADO,, 74.9
Apple iPhone 13 Pro 128GB ,128GB,|,CUOTA,501 , 74.9
Apple iPhone 13 Pro 128GB ,128GB,|,CUOTA,393 , 74.9
Apple iPhone 13 Pro 128GB ,128GB,|,CONTADO,, 89.9
Apple iPhone 13 Pro 128GB ,128GB,|,CUOTA,450 , 89.9
Apple iPhone 13 Pro 128GB ,128GB,|,CUOTA,368 , 89.9
Apple iPhone 13 Pro 128GB ,128GB,|,CONTADO,, 99.9
Apple iPhone 13 Pro 128GB ,128GB,|,CUOTA,450 , 99.9
Apple iPhone 13 Pro 128GB ,128GB,|,CUOTA,368 , 99.9
Apple iPhone 13 Pro 128GB ,128GB,|,CONTADO,, 109.9
Apple iPhone 13 Pro 128GB ,128GB,|,CUOTA,450 , 109.9
Apple iPhone 13 Pro 128GB ,128GB,|,CUOTA,368 , 109.9
Apple iPhone 13 Pro 128GB ,128GB,|,CONTADO,, 129.9
Apple iPhone 13 Pro 128GB ,128GB,|,CUOTA,450 , 129.9
Apple iPhone 13 Pro 128GB ,128GB,|,CUOTA,368 , 129.9
Apple iPhone 13 Pro 128GB ,128GB,|,CONTADO,, 159.5
Apple iPhone 13 Pro 128GB ,128GB,|,CUOTA,450 , 159.5
Apple iPhone 13 Pro 128GB ,128GB,|,CUOTA,368 , 159.5
Apple iPhone 13 Pro 128GB ,128GB,|,CONTADO,, 209.5
Apple iPhone 13 Pro 128GB ,128GB,|,CUOTA,450 , 209.5
Apple iPhone 13 Pro 128GB ,128GB,|,CUOTA,368 , 209.5
Vivo Y21s ,32%,dto.,EXCLUSIVO,, 39.9
Vivo Y21s ,0,12,CUOTAS,82 , 39.9
Vivo Y21s ,229,18,CUOTAS,51 , 39.9
Vivo Y21s ,32%,dto.,EXCLUSIVO,, 55.9
Vivo Y21s ,0,12,CUOTAS,82 , 55.9
Vivo Y21s ,159,18,CUOTAS,51 , 55.9
Vivo Y21s ,32%,dto.,EXCLUSIVO,, 74.9
Vivo Y21s ,0,12,CUOTAS,82 , 74.9
Vivo Y21s ,159,18,CUOTAS,51 , 74.9
Vivo Y21s ,32%,dto.,EXCLUSIVO,, 89.9
Vivo Y21s ,0,12,CUOTAS,82 , 89.9
Vivo Y21s ,109,18,CUOTAS,50 , 89.9
Vivo Y21s ,32%,dto.,EXCLUSIVO,, 99.9
Vivo Y21s ,0,12,CUOTAS,82 , 99.9
Vivo Y21s ,109,18,CUOTAS,50 , 99.9
Vivo Y21s ,32%,dto.,EXCLUSIVO,, 109.9
Vivo Y21s ,0,12,CUOTAS,82 , 109.9
Vivo Y21s ,59,18,CUOTAS,53 , 109.9
Vivo Y21s ,32%,dto.,EXCLUSIVO,, 129.9
Vivo Y21s ,0,12,CUOTAS,82 , 129.9
Vivo Y21s ,59,18,CUOTAS,53 , 129.9
Vivo Y21s ,32%,dto.,EXCLUSIVO,, 159.5
Vivo Y21s ,0,12,CUOTAS,82 , 159.5
Vivo Y21s ,59,18,CUOTAS,53 , 159.5
Vivo Y21s ,32%,dto.,EXCLUSIVO,, 209.5
Vivo Y21s ,0,12,CUOTAS,82 , 209.5
Vivo Y21s ,59,18,CUOTAS,53 , 209.5
Vivo Y53s ,40%,dto.,EXCLUSIVO,, 39.9
Vivo Y53s ,40%,dto.,EXCLUSIVO,, 55.9
Vivo Y53s ,719,12,CUOTAS,60 , 55.9
Vivo Y53s ,359,18,CUOTAS,60 , 55.9
Vivo Y53s ,40%,dto.,EXCLUSIVO,, 74.9
Vivo Y53s ,639,12,CUOTAS,59 , 74.9
Vivo Y53s ,279,18,CUOTAS,59 , 74.9
Vivo Y53s ,40%,dto.,EXCLUSIVO,, 89.9
Vivo Y53s ,549,12,CUOTAS,59 , 89.9
Vivo Y53s ,199,18,CUOTAS,59 , 89.9
Vivo Y53s ,40%,dto.,EXCLUSIVO,, 99.9
Vivo Y53s ,549,12,CUOTAS,59 , 99.9
Vivo Y53s ,199,18,CUOTAS,59 , 99.9
Vivo Y53s ,40%,dto.,EXCLUSIVO,, 109.9
Vivo Y53s ,509,12,CUOTAS,56 , 109.9
Vivo Y53s ,179,18,CUOTAS,56 , 109.9
Vivo Y53s ,40%,dto.,EXCLUSIVO,, 129.9
Vivo Y53s ,479,12,CUOTAS,59 , 129.9
Vivo Y53s ,119,18,CUOTAS,59 , 129.9
Vivo Y53s ,40%,dto.,EXCLUSIVO,, 159.5
Vivo Y53s ,479,12,CUOTAS,59 , 159.5
Vivo Y53s ,119,18,CUOTAS,59 , 159.5
Vivo Y53s ,40%,dto.,EXCLUSIVO,, 209.5
Vivo Y53s ,439,12,CUOTAS,62 , 209.5
Vivo Y53s ,69,18,CUOTAS,62 , 209.5
Apple iPhone 14 256GB ,|,CONTADO,4059,, 55.9
Apple iPhone 14 256GB ,|,CONTADO,4059,, 74.9
Apple iPhone 14 256GB ,|,CUOTA,2529,233 , 74.9
Apple iPhone 14 256GB ,|,CUOTA,2249,184 , 74.9
Apple iPhone 14 256GB ,|,CONTADO,4059,, 89.9
Apple iPhone 14 256GB ,|,CUOTA,2529,233 , 89.9
Apple iPhone 14 256GB ,|,CUOTA,2249,184 , 89.9
Apple iPhone 14 256GB ,|,CONTADO,4059,, 99.9
Apple iPhone 14 256GB ,|,CUOTA,2529,233 , 99.9
Apple iPhone 14 256GB ,|,CUOTA,2249,184 , 99.9
Apple iPhone 14 256GB ,|,CONTADO,4059,, 109.9
Apple iPhone 14 256GB ,|,CUOTA,2529,233 , 109.9
Apple iPhone 14 256GB ,|,CUOTA,2249,184 , 109.9
Apple iPhone 14 256GB ,|,CONTADO,4059,, 129.9
Apple iPhone 14 256GB ,|,CUOTA,2529,233 , 129.9
Apple iPhone 14 256GB ,|,CUOTA,2249,184 , 129.9
Apple iPhone 14 256GB ,|,CONTADO,4059,, 159.5
Apple iPhone 14 256GB ,|,CUOTA,2529,233 , 159.5
Apple iPhone 14 256GB ,|,CUOTA,2249,184 , 159.5
Apple iPhone 14 256GB ,|,CONTADO,4059,, 209.5
Apple iPhone 14 256GB ,|,CUOTA,2529,233 , 209.5
Apple iPhone 14 256GB ,|,CUOTA,2249,184 , 209.5
Apple iPhone 14 512GB ,|,CONTADO,4959,, 55.9
Apple iPhone 14 512GB ,|,CONTADO,4959,, 74.9
Apple iPhone 14 512GB ,|,CUOTA,3089,285 , 74.9
Apple iPhone 14 512GB ,|,CUOTA,2749,225 , 74.9
Apple iPhone 14 512GB ,|,CONTADO,4959,, 89.9
Apple iPhone 14 512GB ,|,CUOTA,3089,285 , 89.9
Apple iPhone 14 512GB ,|,CUOTA,2749,225 , 89.9
Apple iPhone 14 512GB ,|,CONTADO,4959,, 99.9
Apple iPhone 14 512GB ,|,CUOTA,3089,285 , 99.9
Apple iPhone 14 512GB ,|,CUOTA,2749,225 , 99.9
Apple iPhone 14 512GB ,|,CONTADO,4959,, 109.9
Apple iPhone 14 512GB ,|,CUOTA,3089,285 , 109.9
Apple iPhone 14 512GB ,|,CUOTA,2749,225 , 109.9
Apple iPhone 14 512GB ,|,CONTADO,4959,, 129.9
Apple iPhone 14 512GB ,|,CUOTA,3089,285 , 129.9
Apple iPhone 14 512GB ,|,CUOTA,2749,225 , 129.9
Apple iPhone 14 512GB ,|,CONTADO,4959,, 159.5
Apple iPhone 14 512GB ,|,CUOTA,3089,285 , 159.5
Apple iPhone 14 512GB ,|,CUOTA,2749,225 , 159.5
Apple iPhone 14 512GB ,|,CONTADO,4959,, 209.5
Apple iPhone 14 512GB ,|,CUOTA,3089,285 , 209.5
Apple iPhone 14 512GB ,|,CUOTA,2749,225 , 209.5
Apple iPhone 14 Plus 256GB ,256GB,|,CONTADO,, 55.9
Apple iPhone 14 Plus 256GB ,256GB,|,CONTADO,, 74.9
Apple iPhone 14 Plus 256GB ,256GB,|,CUOTA,258 , 74.9
Apple iPhone 14 Plus 256GB ,256GB,|,CUOTA,204 , 74.9
Apple iPhone 14 Plus 256GB ,256GB,|,CONTADO,, 89.9
Apple iPhone 14 Plus 256GB ,256GB,|,CUOTA,258 , 89.9
Apple iPhone 14 Plus 256GB ,256GB,|,CUOTA,204 , 89.9
Apple iPhone 14 Plus 256GB ,256GB,|,CONTADO,, 99.9
Apple iPhone 14 Plus 256GB ,256GB,|,CUOTA,258 , 99.9
Apple iPhone 14 Plus 256GB ,256GB,|,CUOTA,204 , 99.9
Apple iPhone 14 Plus 256GB ,256GB,|,CONTADO,, 109.9
Apple iPhone 14 Plus 256GB ,256GB,|,CUOTA,258 , 109.9
Apple iPhone 14 Plus 256GB ,256GB,|,CUOTA,204 , 109.9
Apple iPhone 14 Plus 256GB ,256GB,|,CONTADO,, 129.9
Apple iPhone 14 Plus 256GB ,256GB,|,CUOTA,258 , 129.9
Apple iPhone 14 Plus 256GB ,256GB,|,CUOTA,204 , 129.9
Apple iPhone 14 Plus 256GB ,256GB,|,CONTADO,, 159.5
Apple iPhone 14 Plus 256GB ,256GB,|,CUOTA,258 , 159.5
Apple iPhone 14 Plus 256GB ,256GB,|,CUOTA,204 , 159.5
Apple iPhone 14 Plus 256GB ,256GB,|,CONTADO,, 209.5
Apple iPhone 14 Plus 256GB ,256GB,|,CUOTA,258 , 209.5
Apple iPhone 14 Plus 256GB ,256GB,|,CUOTA,204 , 209.5
Apple iPhone 14 Pro 256GB ,256GB,|,CONTADO,, 55.9
Apple iPhone 14 Pro 256GB ,256GB,|,CONTADO,, 74.9
Apple iPhone 14 Pro 256GB ,256GB,|,CUOTA,285 , 74.9
Apple iPhone 14 Pro 256GB ,256GB,|,CUOTA,225 , 74.9
Apple iPhone 14 Pro 256GB ,256GB,|,CONTADO,, 89.9
Apple iPhone 14 Pro 256GB ,256GB,|,CUOTA,285 , 89.9
Apple iPhone 14 Pro 256GB ,256GB,|,CUOTA,225 , 89.9
Apple iPhone 14 Pro 256GB ,256GB,|,CONTADO,, 99.9
Apple iPhone 14 Pro 256GB ,256GB,|,CUOTA,285 , 99.9
Apple iPhone 14 Pro 256GB ,256GB,|,CUOTA,225 , 99.9
Apple iPhone 14 Pro 256GB ,256GB,|,CONTADO,, 109.9
Apple iPhone 14 Pro 256GB ,256GB,|,CUOTA,285 , 109.9
Apple iPhone 14 Pro 256GB ,256GB,|,CUOTA,225 , 109.9
Apple iPhone 14 Pro 256GB ,256GB,|,CONTADO,, 129.9
Apple iPhone 14 Pro 256GB ,256GB,|,CUOTA,285 , 129.9
Apple iPhone 14 Pro 256GB ,256GB,|,CUOTA,225 , 129.9
Apple iPhone 14 Pro 256GB ,256GB,|,CONTADO,, 159.5
Apple iPhone 14 Pro 256GB ,256GB,|,CUOTA,285 , 159.5
Apple iPhone 14 Pro 256GB ,256GB,|,CUOTA,225 , 159.5
Apple iPhone 14 Pro 256GB ,256GB,|,CONTADO,, 209.5
Apple iPhone 14 Pro 256GB ,256GB,|,CUOTA,285 , 209.5
Apple iPhone 14 Pro 256GB ,256GB,|,CUOTA,225 , 209.5
XIAOMI Redmi 10 2022 ,|,CONTADO,47%,, 39.9
XIAOMI Redmi 10 2022 ,|,CUOTA,0,76 , 39.9
XIAOMI Redmi 10 2022 ,|,CUOTA,199,46 , 39.9
XIAOMI Redmi 10 2022 ,|,CONTADO,47%,, 55.9
XIAOMI Redmi 10 2022 ,|,CUOTA,0,76 , 55.9
XIAOMI Redmi 10 2022 ,|,CUOTA,159,45 , 55.9
XIAOMI Redmi 10 2022 ,|,CONTADO,47%,, 74.9
XIAOMI Redmi 10 2022 ,|,CUOTA,0,76 , 74.9
XIAOMI Redmi 10 2022 ,|,CUOTA,159,45 , 74.9
XIAOMI Redmi 10 2022 ,|,CONTADO,47%,, 89.9
XIAOMI Redmi 10 2022 ,|,CUOTA,0,76 , 89.9
XIAOMI Redmi 10 2022 ,|,CUOTA,99,45 , 89.9
XIAOMI Redmi 10 2022 ,|,CONTADO,47%,, 99.9
XIAOMI Redmi 10 2022 ,|,CUOTA,0,76 , 99.9
XIAOMI Redmi 10 2022 ,|,CUOTA,99,45 , 99.9
XIAOMI Redmi 10 2022 ,|,CONTADO,47%,, 109.9
XIAOMI Redmi 10 2022 ,|,CUOTA,0,76 , 109.9
XIAOMI Redmi 10 2022 ,|,CUOTA,49,48 , 109.9
XIAOMI Redmi 10 2022 ,|,CONTADO,47%,, 129.9
XIAOMI Redmi 10 2022 ,|,CUOTA,0,76 , 129.9
XIAOMI Redmi 10 2022 ,|,CUOTA,49,48 , 129.9
XIAOMI Redmi 10 2022 ,|,CONTADO,47%,, 159.5
XIAOMI Redmi 10 2022 ,|,CUOTA,0,76 , 159.5
XIAOMI Redmi 10 2022 ,|,CUOTA,49,48 , 159.5
XIAOMI Redmi 10 2022 ,|,CONTADO,47%,, 209.5
XIAOMI Redmi 10 2022 ,|,CUOTA,0,76 , 209.5
XIAOMI Redmi 10 2022 ,|,CUOTA,49,48 , 209.5
Huawei Nova 9 ,CONTADO,37%,dto.,, 39.9
Huawei Nova 9 ,CONTADO,37%,dto.,, 55.9
Huawei Nova 9 ,CONTADO,37%,dto.,, 74.9
Huawei Nova 9 ,CONTADO,37%,dto.,, 89.9
Huawei Nova 9 ,CONTADO,37%,dto.,, 99.9
Huawei Nova 9 ,CONTADO,37%,dto.,, 109.9
Huawei Nova 9 ,CONTADO,37%,dto.,, 129.9
Huawei Nova 9 ,CONTADO,37%,dto.,, 159.5
Huawei Nova 9 ,CONTADO,37%,dto.,, 209.5
ZTE Blade A51 ,CONTADO,32%,dto.,, 39.9
ZTE Blade A51 ,CUOTA,167,12,23 , 39.9
ZTE Blade A51 ,CUOTA,29,18,23 , 39.9
ZTE Blade A51 ,CONTADO,32%,dto.,, 55.9
ZTE Blade A51 ,CUOTA,167,12,23 , 55.9
ZTE Blade A51 ,CUOTA,29,18,23 , 55.9
ZTE Blade A51 ,CONTADO,32%,dto.,, 74.9
ZTE Blade A51 ,CUOTA,144,12,24 , 74.9
ZTE Blade A51 ,CUOTA,0,18,24 , 74.9
ZTE Blade A51 ,CONTADO,32%,dto.,, 89.9
ZTE Blade A51 ,CUOTA,144,12,24 , 89.9
ZTE Blade A51 ,CUOTA,0,18,24 , 89.9
ZTE Blade A51 ,CONTADO,32%,dto.,, 99.9
ZTE Blade A51 ,CUOTA,144,12,24 , 99.9
ZTE Blade A51 ,CUOTA,0,18,24 , 99.9
ZTE Blade A51 ,CONTADO,32%,dto.,, 109.9
ZTE Blade A51 ,CUOTA,144,12,24 , 109.9
ZTE Blade A51 ,CUOTA,0,18,24 , 109.9
ZTE Blade A51 ,CONTADO,32%,dto.,, 129.9
ZTE Blade A51 ,CUOTA,144,12,24 , 129.9
ZTE Blade A51 ,CUOTA,0,18,24 , 129.9
ZTE Blade A51 ,CONTADO,32%,dto.,, 159.5
ZTE Blade A51 ,CUOTA,144,12,24 , 159.5
ZTE Blade A51 ,CUOTA,0,18,24 , 159.5
ZTE Blade A51 ,CONTADO,32%,dto.,, 209.5
ZTE Blade A51 ,CUOTA,144,12,24 , 209.5
ZTE Blade A51 ,CUOTA,0,18,24 , 209.5
Oppo Reno 7 ,CONTADO,47%,dto.,, 39.9
Oppo Reno 7 ,CONTADO,47%,dto.,, 55.9
Oppo Reno 7 ,CUOTA,1099,12,92 , 55.9
Oppo Reno 7 ,CUOTA,549,18,92 , 55.9
Oppo Reno 7 ,CONTADO,47%,dto.,, 74.9
Oppo Reno 7 ,CUOTA,959,12,91 , 74.9
Oppo Reno 7 ,CUOTA,419,18,91 , 74.9
Oppo Reno 7 ,CONTADO,47%,dto.,, 89.9
Oppo Reno 7 ,CUOTA,839,12,91 , 89.9
Oppo Reno 7 ,CUOTA,289,18,91 , 89.9
Oppo Reno 7 ,CONTADO,47%,dto.,, 99.9
Oppo Reno 7 ,CUOTA,839,12,91 , 99.9
Oppo Reno 7 ,CUOTA,289,18,91 , 99.9
Oppo Reno 7 ,CONTADO,47%,dto.,, 109.9
Oppo Reno 7 ,CUOTA,799,12,85 , 109.9
Oppo Reno 7 ,CUOTA,289,18,85 , 109.9
Oppo Reno 7 ,CONTADO,47%,dto.,, 129.9
Oppo Reno 7 ,CUOTA,719,12,91 , 129.9
Oppo Reno 7 ,CUOTA,179,18,91 , 129.9
Oppo Reno 7 ,CONTADO,47%,dto.,, 159.5
Oppo Reno 7 ,CUOTA,719,12,91 , 159.5
Oppo Reno 7 ,CUOTA,179,18,91 , 159.5
Oppo Reno 7 ,CONTADO,47%,dto.,, 209.5
Oppo Reno 7 ,CUOTA,659,12,96 , 209.5
Oppo Reno 7 ,CUOTA,89,18,96 , 209.5
Apple Iphone 13 512GB ,|,CONTADO,43%,, 39.9
Apple Iphone 13 512GB ,|,CUOTA,4019,297 , 39.9
Apple Iphone 13 512GB ,|,CONTADO,43%,, 55.9
Apple Iphone 13 512GB ,|,CUOTA,4019,297 , 55.9
Apple Iphone 13 512GB ,|,CUOTA,4019,236 , 55.9
Apple Iphone 13 512GB ,|,CONTADO,43%,, 74.9
Apple Iphone 13 512GB ,|,CUOTA,0,578 , 74.9
Apple Iphone 13 512GB ,|,CUOTA,0,435 , 74.9
Apple Iphone 13 512GB ,|,CONTADO,43%,, 89.9
Apple Iphone 13 512GB ,|,CUOTA,0,537 , 89.9
Apple Iphone 13 512GB ,|,CUOTA,0,413 , 89.9
Apple Iphone 13 512GB ,|,CONTADO,43%,, 99.9
Apple Iphone 13 512GB ,|,CUOTA,0,537 , 99.9
Apple Iphone 13 512GB ,|,CUOTA,0,413 , 99.9
Apple Iphone 13 512GB ,|,CONTADO,43%,, 109.9
Apple Iphone 13 512GB ,|,CUOTA,0,537 , 109.9
Apple Iphone 13 512GB ,|,CUOTA,0,413 , 109.9
Apple Iphone 13 512GB ,|,CONTADO,43%,, 129.9
Apple Iphone 13 512GB ,|,CUOTA,0,537 , 129.9
Apple Iphone 13 512GB ,|,CUOTA,0,413 , 129.9
Apple Iphone 13 512GB ,|,CONTADO,43%,, 159.5
Apple Iphone 13 512GB ,|,CUOTA,0,537 , 159.5
Apple Iphone 13 512GB ,|,CUOTA,0,413 , 159.5
Apple Iphone 13 512GB ,|,CONTADO,43%,, 209.5
Apple Iphone 13 512GB ,|,CUOTA,0,537 , 209.5
Apple Iphone 13 512GB ,|,CUOTA,0,413 , 209.5
Apple Iphone 13 Pro 512GB ,512GB,|,CONTADO,, 39.9
Apple Iphone 13 Pro 512GB ,512GB,|,CONTADO,, 55.9
Apple Iphone 13 Pro 512GB ,512GB,|,CONTADO,, 74.9
Apple Iphone 13 Pro 512GB ,512GB,|,CONTADO,, 89.9
Apple Iphone 13 Pro 512GB ,512GB,|,CONTADO,, 99.9
Apple Iphone 13 Pro 512GB ,512GB,|,CONTADO,, 109.9
Apple Iphone 13 Pro 512GB ,512GB,|,CONTADO,, 129.9
Apple Iphone 13 Pro 512GB ,512GB,|,CONTADO,, 159.5
Apple Iphone 13 Pro 512GB ,512GB,|,CONTADO,, 209.5
Samsung Galaxy Z Fold 4 256GB ,4,256GB,|,, 55.9
Samsung Galaxy Z Fold 4 256GB ,4,256GB,|,, 74.9
Samsung Galaxy Z Fold 4 256GB ,4,256GB,|,711 , 74.9
Samsung Galaxy Z Fold 4 256GB ,4,256GB,|,, 89.9
Samsung Galaxy Z Fold 4 256GB ,4,256GB,|,711 , 89.9
Samsung Galaxy Z Fold 4 256GB ,4,256GB,|,, 99.9
Samsung Galaxy Z Fold 4 256GB ,4,256GB,|,711 , 99.9
Samsung Galaxy Z Fold 4 256GB ,4,256GB,|,, 109.9
Samsung Galaxy Z Fold 4 256GB ,4,256GB,|,711 , 109.9
Samsung Galaxy Z Fold 4 256GB ,4,256GB,|,, 129.9
Samsung Galaxy Z Fold 4 256GB ,4,256GB,|,711 , 129.9
Samsung Galaxy Z Fold 4 256GB ,4,256GB,|,, 159.5
Samsung Galaxy Z Fold 4 256GB ,4,256GB,|,711 , 159.5
Samsung Galaxy Z Fold 4 256GB ,4,256GB,|,, 209.5
Samsung Galaxy Z Fold 4 256GB ,4,256GB,|,711 , 209.5
Samsung Galaxy Z Flip 4 128GB ,4,128GB,|,, 39.9
Samsung Galaxy Z Flip 4 128GB ,4,128GB,|,, 55.9
Samsung Galaxy Z Flip 4 128GB ,4,128GB,|,, 74.9
Samsung Galaxy Z Flip 4 128GB ,4,128GB,|,400 , 74.9
Samsung Galaxy Z Flip 4 128GB ,4,128GB,|,, 89.9
Samsung Galaxy Z Flip 4 128GB ,4,128GB,|,400 , 89.9
Samsung Galaxy Z Flip 4 128GB ,4,128GB,|,, 99.9
Samsung Galaxy Z Flip 4 128GB ,4,128GB,|,400 , 99.9
Samsung Galaxy Z Flip 4 128GB ,4,128GB,|,, 109.9
Samsung Galaxy Z Flip 4 128GB ,4,128GB,|,400 , 109.9
Samsung Galaxy Z Flip 4 128GB ,4,128GB,|,, 129.9
Samsung Galaxy Z Flip 4 128GB ,4,128GB,|,400 , 129.9
Samsung Galaxy Z Flip 4 128GB ,4,128GB,|,, 159.5
Samsung Galaxy Z Flip 4 128GB ,4,128GB,|,400 , 159.5
Samsung Galaxy Z Flip 4 128GB ,4,128GB,|,, 209.5
Samsung Galaxy Z Flip 4 128GB ,4,128GB,|,400 , 209.5
Samsung Galaxy Z Flip 4 256GB ,4,256GB,|,, 39.9
Samsung Galaxy Z Flip 4 256GB ,4,256GB,|,, 55.9
Samsung Galaxy Z Flip 4 256GB ,4,256GB,|,, 74.9
Samsung Galaxy Z Flip 4 256GB ,4,256GB,|,427 , 74.9
Samsung Galaxy Z Flip 4 256GB ,4,256GB,|,, 89.9
Samsung Galaxy Z Flip 4 256GB ,4,256GB,|,427 , 89.9
Samsung Galaxy Z Flip 4 256GB ,4,256GB,|,, 99.9
Samsung Galaxy Z Flip 4 256GB ,4,256GB,|,427 , 99.9
Samsung Galaxy Z Flip 4 256GB ,4,256GB,|,, 109.9
Samsung Galaxy Z Flip 4 256GB ,4,256GB,|,427 , 109.9
Samsung Galaxy Z Flip 4 256GB ,4,256GB,|,, 129.9
Samsung Galaxy Z Flip 4 256GB ,4,256GB,|,427 , 129.9
Samsung Galaxy Z Flip 4 256GB ,4,256GB,|,, 159.5
Samsung Galaxy Z Flip 4 256GB ,4,256GB,|,427 , 159.5
Samsung Galaxy Z Flip 4 256GB ,4,256GB,|,, 209.5
Samsung Galaxy Z Flip 4 256GB ,4,256GB,|,427 , 209.5
Xiaomi Redmi 10c ,CONTADO,35%,dto.,, 39.9
Xiaomi Redmi 10c ,CUOTA,0,12,61 , 39.9
Xiaomi Redmi 10c ,CUOTA,169,18,37 , 39.9
Xiaomi Redmi 10c ,CONTADO,35%,dto.,, 55.9
Xiaomi Redmi 10c ,CUOTA,0,12,61 , 55.9
Xiaomi Redmi 10c ,CUOTA,119,18,37 , 55.9
Xiaomi Redmi 10c ,CONTADO,35%,dto.,, 74.9
Xiaomi Redmi 10c ,CUOTA,0,12,61 , 74.9
Xiaomi Redmi 10c ,CUOTA,119,18,37 , 74.9
Xiaomi Redmi 10c ,CONTADO,35%,dto.,, 89.9
Xiaomi Redmi 10c ,CUOTA,0,12,61 , 89.9
Xiaomi Redmi 10c ,CUOTA,69,18,37 , 89.9
Xiaomi Redmi 10c ,CONTADO,35%,dto.,, 99.9
Xiaomi Redmi 10c ,CUOTA,0,12,61 , 99.9
Xiaomi Redmi 10c ,CUOTA,69,18,37 , 99.9
Xiaomi Redmi 10c ,CONTADO,35%,dto.,, 109.9
Xiaomi Redmi 10c ,CUOTA,0,12,61 , 109.9
Xiaomi Redmi 10c ,CUOTA,39,18,39 , 109.9
Xiaomi Redmi 10c ,CONTADO,35%,dto.,, 129.9
Xiaomi Redmi 10c ,CUOTA,0,12,61 , 129.9
Xiaomi Redmi 10c ,CUOTA,39,18,39 , 129.9
Xiaomi Redmi 10c ,CONTADO,35%,dto.,, 159.5
Xiaomi Redmi 10c ,CUOTA,0,12,61 , 159.5
Xiaomi Redmi 10c ,CUOTA,39,18,39 , 159.5
Xiaomi Redmi 10c ,CONTADO,35%,dto.,, 209.5
Xiaomi Redmi 10c ,CUOTA,0,12,61 , 209.5
Xiaomi Redmi 10c ,CUOTA,39,18,39 , 209.5
XIAOMI Redmi Note 11S 5G ,5G,|,CONTADO,, 39.9
XIAOMI Redmi Note 11S 5G ,5G,|,CUOTA,103 , 39.9
XIAOMI Redmi Note 11S 5G ,5G,|,CONTADO,, 55.9
XIAOMI Redmi Note 11S 5G ,5G,|,CUOTA,103 , 55.9
XIAOMI Redmi Note 11S 5G ,5G,|,CUOTA,55 , 55.9
XIAOMI Redmi Note 11S 5G ,5G,|,CONTADO,, 74.9
XIAOMI Redmi Note 11S 5G ,5G,|,CUOTA,81 , 74.9
XIAOMI Redmi Note 11S 5G ,5G,|,CUOTA,55 , 74.9
XIAOMI Redmi Note 11S 5G ,5G,|,CONTADO,, 89.9
XIAOMI Redmi Note 11S 5G ,5G,|,CUOTA,79 , 89.9
XIAOMI Redmi Note 11S 5G ,5G,|,CUOTA,55 , 89.9
XIAOMI Redmi Note 11S 5G ,5G,|,CONTADO,, 99.9
XIAOMI Redmi Note 11S 5G ,5G,|,CUOTA,79 , 99.9
XIAOMI Redmi Note 11S 5G ,5G,|,CUOTA,55 , 99.9
XIAOMI Redmi Note 11S 5G ,5G,|,CONTADO,, 109.9
XIAOMI Redmi Note 11S 5G ,5G,|,CUOTA,79 , 109.9
XIAOMI Redmi Note 11S 5G ,5G,|,CUOTA,52 , 109.9
XIAOMI Redmi Note 11S 5G ,5G,|,CONTADO,, 129.9
XIAOMI Redmi Note 11S 5G ,5G,|,CUOTA,79 , 129.9
XIAOMI Redmi Note 11S 5G ,5G,|,CUOTA,55 , 129.9
XIAOMI Redmi Note 11S 5G ,5G,|,CONTADO,, 159.5
XIAOMI Redmi Note 11S 5G ,5G,|,CUOTA,79 , 159.5
XIAOMI Redmi Note 11S 5G ,5G,|,CUOTA,55 , 159.5
XIAOMI Redmi Note 11S 5G ,5G,|,CONTADO,, 209.5
XIAOMI Redmi Note 11S 5G ,5G,|,CUOTA,79 , 209.5
XIAOMI Redmi Note 11S 5G ,5G,|,CUOTA,58 , 209.5
ZTE Blade A31 Plus 32GB ,32GB,|,CONTADO,, 39.9
ZTE Blade A31 Plus 32GB ,32GB,|,CUOTA,16 , 39.9
ZTE Blade A31 Plus 32GB ,32GB,|,CUOTA,16 , 39.9
ZTE Blade A31 Plus 32GB ,32GB,|,CUOTA,17 , 55.9
ZTE Blade A31 Plus 32GB ,32GB,|,CUOTA,17 , 55.9
ZTE Blade A31 Plus 32GB ,32GB,|,CUOTA,17 , 55.9
ZTE Blade A31 Plus 32GB ,32GB,|,CONTADO,, 74.9
ZTE Blade A31 Plus 32GB ,32GB,|,CUOTA,17 , 74.9
ZTE Blade A31 Plus 32GB ,32GB,|,CUOTA,17 , 74.9
ZTE Blade A31 Plus 32GB ,32GB,|,CONTADO,, 89.9
ZTE Blade A31 Plus 32GB ,32GB,|,CUOTA,17 , 89.9
ZTE Blade A31 Plus 32GB ,32GB,|,CUOTA,17 , 89.9
ZTE Blade A31 Plus 32GB ,32GB,|,CONTADO,, 99.9
ZTE Blade A31 Plus 32GB ,32GB,|,CUOTA,17 , 99.9
ZTE Blade A31 Plus 32GB ,32GB,|,CUOTA,17 , 99.9
ZTE Blade A31 Plus 32GB ,32GB,|,CONTADO,, 109.9
ZTE Blade A31 Plus 32GB ,32GB,|,CUOTA,17 , 109.9
ZTE Blade A31 Plus 32GB ,32GB,|,CUOTA,17 , 109.9
ZTE Blade A31 Plus 32GB ,32GB,|,CUOTA,17 , 129.9
ZTE Blade A31 Plus 32GB ,32GB,|,CUOTA,17 , 129.9
ZTE Blade A31 Plus 32GB ,32GB,|,CUOTA,17 , 129.9
ZTE Blade A31 Plus 32GB ,32GB,|,CONTADO,, 159.5
ZTE Blade A31 Plus 32GB ,32GB,|,CUOTA,17 , 159.5
ZTE Blade A31 Plus 32GB ,32GB,|,CUOTA,17 , 159.5
ZTE Blade A31 Plus 32GB ,32GB,|,CONTADO,, 209.5
ZTE Blade A31 Plus 32GB ,32GB,|,CUOTA,17 , 209.5
ZTE Blade A31 Plus 32GB ,32GB,|,CUOTA,17 , 209.5
HONOR X7 ,42%,dto.,EXCLUSIVO,, 39.9
HONOR X7 ,0,12,CUOTAS,74 , 39.9
HONOR X7 ,199,18,CUOTAS,45 , 39.9
HONOR X7 ,42%,dto.,EXCLUSIVO,, 55.9
HONOR X7 ,0,12,CUOTAS,74 , 55.9
HONOR X7 ,149,18,CUOTAS,44 , 55.9
HONOR X7 ,42%,dto.,EXCLUSIVO,, 74.9
HONOR X7 ,0,12,CUOTAS,74 , 74.9
HONOR X7 ,149,18,CUOTAS,44 , 74.9
HONOR X7 ,42%,dto.,EXCLUSIVO,, 89.9
HONOR X7 ,0,12,CUOTAS,74 , 89.9
HONOR X7 ,99,18,CUOTAS,44 , 89.9
HONOR X7 ,42%,dto.,EXCLUSIVO,, 99.9
HONOR X7 ,0,12,CUOTAS,74 , 99.9
HONOR X7 ,99,18,CUOTAS,44 , 99.9
HONOR X7 ,42%,dto.,EXCLUSIVO,, 109.9
HONOR X7 ,0,12,CUOTAS,74 , 109.9
HONOR X7 ,39,18,CUOTAS,47 , 109.9
HONOR X7 ,42%,dto.,EXCLUSIVO,, 129.9
HONOR X7 ,0,12,CUOTAS,74 , 129.9
HONOR X7 ,39,18,CUOTAS,47 , 129.9
HONOR X7 ,42%,dto.,EXCLUSIVO,, 159.5
HONOR X7 ,0,12,CUOTAS,74 , 159.5
HONOR X7 ,39,18,CUOTAS,47 , 159.5
HONOR X7 ,42%,dto.,EXCLUSIVO,, 209.5
HONOR X7 ,0,12,CUOTAS,74 , 209.5
HONOR X7 ,39,18,CUOTAS,47 , 209.5
Samsung Galaxy S22 ,CONTADO,23%,dto.,, 39.9
Samsung Galaxy S22 ,CUOTA,1399,12,206 , 39.9
Samsung Galaxy S22 ,CONTADO,23%,dto.,, 55.9
Samsung Galaxy S22 ,CUOTA,1399,12,206 , 55.9
Samsung Galaxy S22 ,CUOTA,1399,18,173 , 55.9
Samsung Galaxy S22 ,CONTADO,23%,dto.,, 74.9
Samsung Galaxy S22 ,CUOTA,0,12,306 , 74.9
Samsung Galaxy S22 ,CUOTA,0,18,241 , 74.9
Samsung Galaxy S22 ,CUOTA,0,18,241 , 89.9
Samsung Galaxy S22 ,CUOTA,0,12,304 , 89.9
Samsung Galaxy S22 ,CUOTA,0,18,241 , 89.9
Samsung Galaxy S22 ,CONTADO,23%,dto.,, 99.9
Samsung Galaxy S22 ,CUOTA,0,12,304 , 99.9
Samsung Galaxy S22 ,CUOTA,0,18,241 , 99.9
Samsung Galaxy S22 ,CUOTA,0,18,241 , 109.9
Samsung Galaxy S22 ,CUOTA,0,12,304 , 109.9
Samsung Galaxy S22 ,CUOTA,0,18,241 , 109.9
Samsung Galaxy S22 ,CONTADO,23%,dto.,, 129.9
Samsung Galaxy S22 ,CUOTA,0,12,304 , 129.9
Samsung Galaxy S22 ,CUOTA,0,18,241 , 129.9
Samsung Galaxy S22 ,CONTADO,23%,dto.,, 159.5
Samsung Galaxy S22 ,CUOTA,0,12,304 , 159.5
Samsung Galaxy S22 ,CUOTA,0,18,241 , 159.5
Samsung Galaxy S22 ,CONTADO,23%,dto.,, 209.5
Samsung Galaxy S22 ,CUOTA,0,12,304 , 209.5
Samsung Galaxy S22 ,CUOTA,0,18,241 , 209.5
Xiaomi Poco M4 Pro 128GB 5g ,128GB,5g,|,, 39.9
Xiaomi Poco M4 Pro 128GB 5g ,128GB,5g,|,, 55.9
Xiaomi Poco M4 Pro 128GB 5g ,128GB,5g,|,65 , 55.9
Xiaomi Poco M4 Pro 128GB 5g ,128GB,5g,|,65 , 55.9
Xiaomi Poco M4 Pro 128GB 5g ,128GB,5g,|,, 74.9
Xiaomi Poco M4 Pro 128GB 5g ,128GB,5g,|,65 , 74.9
Xiaomi Poco M4 Pro 128GB 5g ,128GB,5g,|,65 , 74.9
Xiaomi Poco M4 Pro 128GB 5g ,128GB,5g,|,, 89.9
Xiaomi Poco M4 Pro 128GB 5g ,128GB,5g,|,65 , 89.9
Xiaomi Poco M4 Pro 128GB 5g ,128GB,5g,|,65 , 89.9
Xiaomi Poco M4 Pro 128GB 5g ,128GB,5g,|,, 99.9
Xiaomi Poco M4 Pro 128GB 5g ,128GB,5g,|,65 , 99.9
Xiaomi Poco M4 Pro 128GB 5g ,128GB,5g,|,65 , 99.9
Xiaomi Poco M4 Pro 128GB 5g ,128GB,5g,|,, 109.9
Xiaomi Poco M4 Pro 128GB 5g ,128GB,5g,|,61 , 109.9
Xiaomi Poco M4 Pro 128GB 5g ,128GB,5g,|,61 , 109.9
Xiaomi Poco M4 Pro 128GB 5g ,128GB,5g,|,, 129.9
Xiaomi Poco M4 Pro 128GB 5g ,128GB,5g,|,64 , 129.9
Xiaomi Poco M4 Pro 128GB 5g ,128GB,5g,|,64 , 129.9
Xiaomi Poco M4 Pro 128GB 5g ,128GB,5g,|,, 159.5
Xiaomi Poco M4 Pro 128GB 5g ,128GB,5g,|,64 , 159.5
Xiaomi Poco M4 Pro 128GB 5g ,128GB,5g,|,64 , 159.5
Xiaomi Poco M4 Pro 128GB 5g ,128GB,5g,|,, 209.5
Xiaomi Poco M4 Pro 128GB 5g ,128GB,5g,|,68 , 209.5
Xiaomi Poco M4 Pro 128GB 5g ,128GB,5g,|,68 , 209.5
Oppo A77 ,899,*,39.9,, 39.9
Oppo A77 ,899,*,55.9,, 55.9
Oppo A77 ,859,*,74.9,, 74.9
Oppo A77 ,859,*,89.9,, 89.9
Oppo A77 ,859,*,99.9,, 99.9
Oppo A77 ,859,*,109.9,, 109.9
Oppo A77 ,859,*,129.9,, 129.9
Oppo A77 ,859,*,159.5,, 159.5
Oppo A77 ,859,*,209.5,, 209.5
HONOR 50 256GB ,CONTADO,39%,dto.,, 39.9
HONOR 50 256GB ,CUOTA,0,12,208 , 39.9
HONOR 50 256GB ,CONTADO,39%,dto.,, 55.9
HONOR 50 256GB ,CUOTA,0,12,208 , 55.9
HONOR 50 256GB ,CONTADO,39%,dto.,, 74.9
HONOR 50 256GB ,CUOTA,0,12,198 , 74.9
HONOR 50 256GB ,CONTADO,39%,dto.,, 89.9
HONOR 50 256GB ,CUOTA,0,12,195 , 89.9
HONOR 50 256GB ,CUOTA,629,18,105 , 89.9
HONOR 50 256GB ,CONTADO,39%,dto.,, 99.9
HONOR 50 256GB ,CUOTA,0,12,195 , 99.9
HONOR 50 256GB ,CUOTA,629,18,105 , 99.9
HONOR 50 256GB ,CUOTA,499,18,112 , 109.9
HONOR 50 256GB ,CUOTA,499,18,112 , 109.9
HONOR 50 256GB ,CUOTA,499,18,112 , 109.9
HONOR 50 256GB ,CONTADO,39%,dto.,, 129.9
HONOR 50 256GB ,CUOTA,0,12,195 , 129.9
HONOR 50 256GB ,CUOTA,379,18,119 , 129.9
HONOR 50 256GB ,CUOTA,359,18,112 , 159.5
HONOR 50 256GB ,CUOTA,0,12,195 , 159.5
HONOR 50 256GB ,CUOTA,359,18,112 , 159.5
HONOR 50 256GB ,CONTADO,39%,dto.,, 209.5
HONOR 50 256GB ,CUOTA,0,12,195 , 209.5
HONOR 50 256GB ,CUOTA,249,18,118 , 209.5
ZTE Blade A5 2020 32GB ,32GB,|,CONTADO,, 39.9
ZTE Blade A5 2020 32GB ,32GB,|,CUOTA,31 , 39.9
ZTE Blade A5 2020 32GB ,32GB,|,CUOTA,20 , 39.9
ZTE Blade A5 2020 32GB ,32GB,|,CONTADO,, 55.9
ZTE Blade A5 2020 32GB ,32GB,|,CUOTA,31 , 55.9
ZTE Blade A5 2020 32GB ,32GB,|,CUOTA,20 , 55.9
ZTE Blade A5 2020 32GB ,32GB,|,CONTADO,, 74.9
ZTE Blade A5 2020 32GB ,32GB,|,CUOTA,29 , 74.9
ZTE Blade A5 2020 32GB ,32GB,|,CUOTA,20 , 74.9
ZTE Blade A5 2020 32GB ,32GB,|,CONTADO,, 89.9
ZTE Blade A5 2020 32GB ,32GB,|,CUOTA,29 , 89.9
ZTE Blade A5 2020 32GB ,32GB,|,CUOTA,20 , 89.9
ZTE Blade A5 2020 32GB ,32GB,|,CONTADO,, 99.9
ZTE Blade A5 2020 32GB ,32GB,|,CUOTA,29 , 99.9
ZTE Blade A5 2020 32GB ,32GB,|,CUOTA,20 , 99.9
ZTE Blade A5 2020 32GB ,32GB,|,CONTADO,, 109.9
ZTE Blade A5 2020 32GB ,32GB,|,CUOTA,29 , 109.9
ZTE Blade A5 2020 32GB ,32GB,|,CUOTA,20 , 109.9
ZTE Blade A5 2020 32GB ,32GB,|,CONTADO,, 129.9
ZTE Blade A5 2020 32GB ,32GB,|,CUOTA,29 , 129.9
ZTE Blade A5 2020 32GB ,32GB,|,CUOTA,20 , 129.9
ZTE Blade A5 2020 32GB ,32GB,|,CONTADO,, 159.5
ZTE Blade A5 2020 32GB ,32GB,|,CUOTA,29 , 159.5
ZTE Blade A5 2020 32GB ,32GB,|,CUOTA,20 , 159.5
ZTE Blade A5 2020 32GB ,32GB,|,CONTADO,, 209.5
ZTE Blade A5 2020 32GB ,32GB,|,CUOTA,29 , 209.5
ZTE Blade A5 2020 32GB ,32GB,|,CUOTA,20 , 209.5
HONOR 70 128GB ,CONTADO,48%,dto.,, 39.9
HONOR 70 128GB ,CONTADO,48%,dto.,, 55.9
HONOR 70 128GB ,CUOTA,1459,12,122 , 55.9
HONOR 70 128GB ,CUOTA,729,18,122 , 55.9
HONOR 70 128GB ,CONTADO,48%,dto.,, 74.9
HONOR 70 128GB ,CUOTA,1279,12,121 , 74.9
HONOR 70 128GB ,CUOTA,549,18,121 , 74.9
HONOR 70 128GB ,CONTADO,48%,dto.,, 89.9
HONOR 70 128GB ,CUOTA,1109,12,121 , 89.9
HONOR 70 128GB ,CUOTA,379,18,121 , 89.9
HONOR 70 128GB ,CONTADO,48%,dto.,, 99.9
HONOR 70 128GB ,CUOTA,1109,12,121 , 99.9
HONOR 70 128GB ,CUOTA,379,18,121 , 99.9
HONOR 70 128GB ,CONTADO,48%,dto.,, 109.9
HONOR 70 128GB ,CUOTA,1049,12,113 , 109.9
HONOR 70 128GB ,CUOTA,369,18,113 , 109.9
HONOR 70 128GB ,CONTADO,48%,dto.,, 129.9
HONOR 70 128GB ,CUOTA,969,12,120 , 129.9
HONOR 70 128GB ,CUOTA,249,18,120 , 129.9
HONOR 70 128GB ,CONTADO,48%,dto.,, 159.5
HONOR 70 128GB ,CUOTA,969,12,120 , 159.5
HONOR 70 128GB ,CUOTA,249,18,120 , 159.5
HONOR 70 128GB ,CONTADO,48%,dto.,, 209.5
HONOR 70 128GB ,CUOTA,879,12,127 , 209.5
HONOR 70 128GB ,CUOTA,119,18,127 , 209.5
Samsung Galaxy S22 Ultra ,|,CONTADO,56%,, 39.9
Samsung Galaxy S22 Ultra ,|,CUOTA,1999,293 , 39.9
Samsung Galaxy S22 Ultra ,|,CONTADO,56%,, 55.9
Samsung Galaxy S22 Ultra ,|,CUOTA,1999,293 , 55.9
Samsung Galaxy S22 Ultra ,|,CUOTA,1999,235 , 55.9
Samsung Galaxy S22 Ultra ,|,CONTADO,56%,, 74.9
Samsung Galaxy S22 Ultra ,|,CUOTA,0,435 , 74.9
Samsung Galaxy S22 Ultra ,|,CUOTA,0,337 , 74.9
Samsung Galaxy S22 Ultra ,|,CONTADO,56%,, 89.9
Samsung Galaxy S22 Ultra ,|,CUOTA,0,435 , 89.9
Samsung Galaxy S22 Ultra ,|,CUOTA,0,337 , 89.9
Samsung Galaxy S22 Ultra ,|,CONTADO,56%,, 99.9
Samsung Galaxy S22 Ultra ,|,CUOTA,0,435 , 99.9
Samsung Galaxy S22 Ultra ,|,CUOTA,0,337 , 99.9
Samsung Galaxy S22 Ultra ,|,CONTADO,56%,, 109.9
Samsung Galaxy S22 Ultra ,|,CUOTA,0,435 , 109.9
Samsung Galaxy S22 Ultra ,|,CUOTA,0,337 , 109.9
Samsung Galaxy S22 Ultra ,|,CONTADO,56%,, 129.9
Samsung Galaxy S22 Ultra ,|,CUOTA,0,435 , 129.9
Samsung Galaxy S22 Ultra ,|,CUOTA,0,337 , 129.9
Samsung Galaxy S22 Ultra ,|,CONTADO,56%,, 159.5
Samsung Galaxy S22 Ultra ,|,CUOTA,0,435 , 159.5
Samsung Galaxy S22 Ultra ,|,CUOTA,0,337 , 159.5
Samsung Galaxy S22 Ultra ,|,CONTADO,56%,, 209.5
Samsung Galaxy S22 Ultra ,|,CUOTA,0,435 , 209.5
Samsung Galaxy S22 Ultra ,|,CUOTA,0,337 , 209.5
Samsung Galaxy A52s ,CONTADO,30%,dto.,, 39.9
Samsung Galaxy A52s ,CONTADO,30%,dto.,, 55.9
Samsung Galaxy A52s ,CUOTA,1259,12,104 , 55.9
Samsung Galaxy A52s ,CUOTA,629,18,104 , 55.9
Samsung Galaxy A52s ,CONTADO,30%,dto.,, 74.9
Samsung Galaxy A52s ,CUOTA,1089,12,104 , 74.9
Samsung Galaxy A52s ,CUOTA,469,18,104 , 74.9
Samsung Galaxy A52s ,CONTADO,30%,dto.,, 89.9
Samsung Galaxy A52s ,CUOTA,959,12,103 , 89.9
Samsung Galaxy A52s ,CUOTA,339,18,103 , 89.9
Samsung Galaxy A52s ,CONTADO,30%,dto.,, 99.9
Samsung Galaxy A52s ,CUOTA,959,12,103 , 99.9
Samsung Galaxy A52s ,CUOTA,339,18,103 , 99.9
Samsung Galaxy A52s ,CONTADO,30%,dto.,, 109.9
Samsung Galaxy A52s ,CUOTA,899,12,97 , 109.9
Samsung Galaxy A52s ,CUOTA,319,18,97 , 109.9
Samsung Galaxy A52s ,CONTADO,30%,dto.,, 129.9
Samsung Galaxy A52s ,CUOTA,829,12,103 , 129.9
Samsung Galaxy A52s ,CUOTA,209,18,103 , 129.9
Samsung Galaxy A52s ,CONTADO,30%,dto.,, 159.5
Samsung Galaxy A52s ,CUOTA,829,12,103 , 159.5
Samsung Galaxy A52s ,CUOTA,209,18,103 , 159.5
Samsung Galaxy A52s ,CONTADO,30%,dto.,, 209.5
Samsung Galaxy A52s ,CUOTA,759,12,109 , 209.5
Samsung Galaxy A52s ,CUOTA,99,18,109 , 209.5
HONOR X8 ,36%,dto.,EXCLUSIVO,, 39.9
HONOR X8 ,36%,dto.,EXCLUSIVO,, 55.9
HONOR X8 ,629,12,CUOTAS,52 , 55.9
HONOR X8 ,319,18,CUOTAS,52 , 55.9
HONOR X8 ,36%,dto.,EXCLUSIVO,, 74.9
HONOR X8 ,549,12,CUOTAS,52 , 74.9
HONOR X8 ,239,18,CUOTAS,52 , 74.9
HONOR X8 ,36%,dto.,EXCLUSIVO,, 89.9
HONOR X8 ,479,12,CUOTAS,52 , 89.9
HONOR X8 ,169,18,CUOTAS,52 , 89.9
HONOR X8 ,36%,dto.,EXCLUSIVO,, 99.9
HONOR X8 ,479,12,CUOTAS,52 , 99.9
HONOR X8 ,169,18,CUOTAS,52 , 99.9
HONOR X8 ,36%,dto.,EXCLUSIVO,, 109.9
HONOR X8 ,449,12,CUOTAS,49 , 109.9
HONOR X8 ,159,18,CUOTAS,49 , 109.9
HONOR X8 ,36%,dto.,EXCLUSIVO,, 129.9
HONOR X8 ,409,12,CUOTAS,52 , 129.9
HONOR X8 ,99,18,CUOTAS,52 , 129.9
HONOR X8 ,36%,dto.,EXCLUSIVO,, 159.5
HONOR X8 ,409,12,CUOTAS,52 , 159.5
HONOR X8 ,99,18,CUOTAS,52 , 159.5
HONOR X8 ,36%,dto.,EXCLUSIVO,, 209.5
HONOR X8 ,389,12,CUOTAS,54 , 209.5
HONOR X8 ,69,18,CUOTAS,54 , 209.5
Huawei Nova Y70 ,CONTADO,34%,dto.,, 39.9
Huawei Nova Y70 ,CUOTA,0,12,82 , 39.9
Huawei Nova Y70 ,CONTADO,34%,dto.,, 55.9
Huawei Nova Y70 ,CUOTA,0,12,82 , 55.9
Huawei Nova Y70 ,CUOTA,0,18,57 , 55.9
Huawei Nova Y70 ,CONTADO,34%,dto.,, 74.9
Huawei Nova Y70 ,CUOTA,0,12,82 , 74.9
Huawei Nova Y70 ,CUOTA,0,18,57 , 74.9
Huawei Nova Y70 ,CONTADO,34%,dto.,, 89.9
Huawei Nova Y70 ,CUOTA,0,12,82 , 89.9
Huawei Nova Y70 ,CUOTA,0,18,57 , 89.9
Huawei Nova Y70 ,CONTADO,34%,dto.,, 99.9
Huawei Nova Y70 ,CUOTA,0,12,82 , 99.9
Huawei Nova Y70 ,CUOTA,0,18,57 , 99.9
Huawei Nova Y70 ,CONTADO,34%,dto.,, 109.9
Huawei Nova Y70 ,CUOTA,0,12,82 , 109.9
Huawei Nova Y70 ,CUOTA,0,18,57 , 109.9
Huawei Nova Y70 ,CONTADO,34%,dto.,, 129.9
Huawei Nova Y70 ,CUOTA,0,12,82 , 129.9
Huawei Nova Y70 ,CUOTA,0,18,57 , 129.9
Huawei Nova Y70 ,CONTADO,34%,dto.,, 159.5
Huawei Nova Y70 ,CUOTA,0,12,82 , 159.5
Huawei Nova Y70 ,CUOTA,0,18,57 , 159.5
Huawei Nova Y70 ,CONTADO,34%,dto.,, 209.5
Huawei Nova Y70 ,CUOTA,0,12,82 , 209.5
Huawei Nova Y70 ,CUOTA,0,18,57 , 209.5
Samsung Galaxy A23 ,CONTADO,46%,dto.,, 39.9
Samsung Galaxy A23 ,CUOTA,0,12,92 , 39.9
Samsung Galaxy A23 ,CUOTA,249,18,56 , 39.9
Samsung Galaxy A23 ,CONTADO,46%,dto.,, 55.9
Samsung Galaxy A23 ,CUOTA,0,12,92 , 55.9
Samsung Galaxy A23 ,CUOTA,189,18,55 , 55.9
Samsung Galaxy A23 ,CONTADO,46%,dto.,, 74.9
Samsung Galaxy A23 ,CUOTA,0,12,92 , 74.9
Samsung Galaxy A23 ,CUOTA,189,18,55 , 74.9
Samsung Galaxy A23 ,CONTADO,46%,dto.,, 89.9
Samsung Galaxy A23 ,CUOTA,0,12,92 , 89.9
Samsung Galaxy A23 ,CUOTA,119,18,55 , 89.9
Samsung Galaxy A23 ,CONTADO,46%,dto.,, 99.9
Samsung Galaxy A23 ,CUOTA,0,12,92 , 99.9
Samsung Galaxy A23 ,CUOTA,119,18,55 , 99.9
Samsung Galaxy A23 ,CONTADO,46%,dto.,, 109.9
Samsung Galaxy A23 ,CUOTA,0,12,92 , 109.9
Samsung Galaxy A23 ,CUOTA,59,18,58 , 109.9
Samsung Galaxy A23 ,CONTADO,46%,dto.,, 129.9
Samsung Galaxy A23 ,CUOTA,0,12,92 , 129.9
Samsung Galaxy A23 ,CUOTA,59,18,58 , 129.9
Samsung Galaxy A23 ,CONTADO,46%,dto.,, 159.5
Samsung Galaxy A23 ,CUOTA,0,12,92 , 159.5
Samsung Galaxy A23 ,CUOTA,59,18,58 , 159.5
Samsung Galaxy A23 ,CONTADO,46%,dto.,, 209.5
Samsung Galaxy A23 ,CUOTA,0,12,92 , 209.5
Samsung Galaxy A23 ,CUOTA,59,18,58 , 209.5
XIAOMI Redmi 10A ,CONTADO,30%,dto.,, 39.9
XIAOMI Redmi 10A ,CUOTA,0,12,48 , 39.9
XIAOMI Redmi 10A ,CUOTA,139,18,29 , 39.9
XIAOMI Redmi 10A ,CONTADO,30%,dto.,, 55.9
XIAOMI Redmi 10A ,CUOTA,0,12,48 , 55.9
XIAOMI Redmi 10A ,CUOTA,99,18,29 , 55.9
XIAOMI Redmi 10A ,CONTADO,30%,dto.,, 74.9
XIAOMI Redmi 10A ,CUOTA,0,12,48 , 74.9
XIAOMI Redmi 10A ,CUOTA,99,18,29 , 74.9
XIAOMI Redmi 10A ,CONTADO,30%,dto.,, 89.9
XIAOMI Redmi 10A ,CUOTA,0,12,48 , 89.9
XIAOMI Redmi 10A ,CUOTA,59,18,29 , 89.9
XIAOMI Redmi 10A ,CONTADO,30%,dto.,, 99.9
XIAOMI Redmi 10A ,CUOTA,0,12,48 , 99.9
XIAOMI Redmi 10A ,CUOTA,59,18,29 , 99.9
XIAOMI Redmi 10A ,CONTADO,30%,dto.,, 109.9
XIAOMI Redmi 10A ,CUOTA,0,12,48 , 109.9
XIAOMI Redmi 10A ,CUOTA,29,18,31 , 109.9
XIAOMI Redmi 10A ,CONTADO,30%,dto.,, 129.9
XIAOMI Redmi 10A ,CUOTA,0,12,48 , 129.9
XIAOMI Redmi 10A ,CUOTA,29,18,31 , 129.9
XIAOMI Redmi 10A ,CONTADO,30%,dto.,, 159.5
XIAOMI Redmi 10A ,CUOTA,0,12,48 , 159.5
XIAOMI Redmi 10A ,CUOTA,29,18,31 , 159.5
XIAOMI Redmi 10A ,CONTADO,30%,dto.,, 209.5
XIAOMI Redmi 10A ,CUOTA,0,12,48 , 209.5
XIAOMI Redmi 10A ,CUOTA,29,18,31 , 209.5
VIVO Y55 ,42%,dto.,EXCLUSIVO,, 39.9
VIVO Y55 ,42%,dto.,EXCLUSIVO,, 55.9
VIVO Y55 ,779,12,CUOTAS,64 , 55.9
VIVO Y55 ,389,18,CUOTAS,64 , 55.9
VIVO Y55 ,42%,dto.,EXCLUSIVO,, 74.9
VIVO Y55 ,669,12,CUOTAS,64 , 74.9
VIVO Y55 ,289,18,CUOTAS,64 , 74.9
VIVO Y55 ,42%,dto.,EXCLUSIVO,, 89.9
VIVO Y55 ,579,12,CUOTAS,64 , 89.9
VIVO Y55 ,199,18,CUOTAS,64 , 89.9
VIVO Y55 ,42%,dto.,EXCLUSIVO,, 99.9
VIVO Y55 ,579,12,CUOTAS,64 , 99.9
VIVO Y55 ,199,18,CUOTAS,64 , 99.9
VIVO Y55 ,42%,dto.,EXCLUSIVO,, 109.9
VIVO Y55 ,549,12,CUOTAS,60 , 109.9
VIVO Y55 ,189,18,CUOTAS,60 , 109.9
VIVO Y55 ,42%,dto.,EXCLUSIVO,, 129.9
VIVO Y55 ,519,12,CUOTAS,63 , 129.9
VIVO Y55 ,139,18,CUOTAS,63 , 129.9
VIVO Y55 ,42%,dto.,EXCLUSIVO,, 159.5
VIVO Y55 ,519,12,CUOTAS,63 , 159.5
VIVO Y55 ,139,18,CUOTAS,63 , 159.5
VIVO Y55 ,42%,dto.,EXCLUSIVO,, 209.5
VIVO Y55 ,469,12,CUOTAS,67 , 209.5
VIVO Y55 ,69,18,CUOTAS,67 , 209.5
Motorola Moto G50 ,CONTADO,48%,dto.,, 39.9
Motorola Moto G50 ,CUOTA,649,12,70 , 39.9
Motorola Moto G50 ,CUOTA,229,18,70 , 39.9
Motorola Moto G50 ,CONTADO,48%,dto.,, 55.9
Motorola Moto G50 ,CUOTA,639,12,80 , 55.9
Motorola Moto G50 ,CUOTA,159,18,80 , 55.9
Motorola Moto G50 ,CONTADO,48%,dto.,, 74.9
Motorola Moto G50 ,CUOTA,528,12,88 , 74.9
Motorola Moto G50 ,CUOTA,0,18,88 , 74.9
Motorola Moto G50 ,CONTADO,48%,dto.,, 89.9
Motorola Moto G50 ,CUOTA,468,12,78 , 89.9
Motorola Moto G50 ,CUOTA,0,18,78 , 89.9
Motorola Moto G50 ,CONTADO,48%,dto.,, 99.9
Motorola Moto G50 ,CUOTA,468,12,78 , 99.9
Motorola Moto G50 ,CUOTA,0,18,78 , 99.9
Motorola Moto G50 ,CONTADO,48%,dto.,, 109.9
Motorola Moto G50 ,CUOTA,438,12,73 , 109.9
Motorola Moto G50 ,CUOTA,0,18,73 , 109.9
Motorola Moto G50 ,CONTADO,48%,dto.,, 129.9
Motorola Moto G50 ,CUOTA,438,12,73 , 129.9
Motorola Moto G50 ,CUOTA,0,18,73 , 129.9
Motorola Moto G50 ,CONTADO,48%,dto.,, 159.5
Motorola Moto G50 ,CUOTA,438,12,73 , 159.5
Motorola Moto G50 ,CUOTA,0,18,73 , 159.5
Motorola Moto G50 ,CONTADO,48%,dto.,, 209.5
Motorola Moto G50 ,CUOTA,438,12,73 , 209.5
Motorola Moto G50 ,CUOTA,0,18,73 , 209.5
Apple iPhone 12 64GB ,|,CONTADO,39%,, 39.9
Apple iPhone 12 64GB ,|,CONTADO,39%,, 55.9
Apple iPhone 12 64GB ,|,CONTADO,39%,, 74.9
Apple iPhone 12 64GB ,|,CONTADO,39%,, 89.9
Apple iPhone 12 64GB ,|,CONTADO,39%,, 99.9
Apple iPhone 12 64GB ,|,CONTADO,39%,, 109.9
Apple iPhone 12 64GB ,|,CONTADO,39%,, 129.9
Apple iPhone 12 64GB ,|,CONTADO,39%,, 159.5
Apple iPhone 12 64GB ,|,CONTADO,39%,, 209.5
Xiaomi 11T ,46%,dto.,EXCLUSIVO,, 39.9
Xiaomi 11T ,46%,dto.,EXCLUSIVO,, 55.9
Xiaomi 11T ,46%,dto.,EXCLUSIVO,, 74.9
Xiaomi 11T ,46%,dto.,EXCLUSIVO,, 89.9
Xiaomi 11T ,1319,12,CUOTAS,110 , 89.9
Xiaomi 11T ,659,18,CUOTAS,110 , 89.9
Xiaomi 11T ,46%,dto.,EXCLUSIVO,, 99.9
Xiaomi 11T ,1319,12,CUOTAS,110 , 99.9
Xiaomi 11T ,659,18,CUOTAS,110 , 99.9
Xiaomi 11T ,46%,dto.,EXCLUSIVO,, 109.9
Xiaomi 11T ,1239,12,CUOTAS,117 , 109.9
Xiaomi 11T ,529,18,CUOTAS,117 , 109.9
Xiaomi 11T ,46%,dto.,EXCLUSIVO,, 129.9
Xiaomi 11T ,1149,12,CUOTAS,124 , 129.9
Xiaomi 11T ,409,18,CUOTAS,124 , 129.9
Xiaomi 11T ,46%,dto.,EXCLUSIVO,, 159.5
Xiaomi 11T ,1079,12,CUOTAS,117 , 159.5
Xiaomi 11T ,379,18,CUOTAS,117 , 159.5
Xiaomi 11T ,46%,dto.,EXCLUSIVO,, 209.5
Xiaomi 11T ,999,12,CUOTAS,124 , 209.5
Xiaomi 11T ,249,18,CUOTAS,124 , 209.5
Apple iPhone 13 256GB ,|,CONTADO,27%,, 39.9
Apple iPhone 13 256GB ,|,CUOTA,3719,179 , 39.9
Apple iPhone 13 256GB ,|,CONTADO,27%,, 55.9
Apple iPhone 13 256GB ,|,CUOTA,3719,179 , 55.9
Apple iPhone 13 256GB ,|,CUOTA,3719,178 , 55.9
Apple iPhone 13 256GB ,|,CONTADO,27%,, 74.9
Apple iPhone 13 256GB ,|,CUOTA,0,426 , 74.9
Apple iPhone 13 256GB ,|,CUOTA,0,357 , 74.9
Apple iPhone 13 256GB ,|,CONTADO,27%,, 89.9
Apple iPhone 13 256GB ,|,CUOTA,0,376 , 89.9
Apple iPhone 13 256GB ,|,CUOTA,0,334 , 89.9
Apple iPhone 13 256GB ,|,CONTADO,27%,, 99.9
Apple iPhone 13 256GB ,|,CUOTA,0,376 , 99.9
Apple iPhone 13 256GB ,|,CUOTA,0,334 , 99.9
Apple iPhone 13 256GB ,|,CONTADO,27%,, 109.9
Apple iPhone 13 256GB ,|,CUOTA,0,376 , 109.9
Apple iPhone 13 256GB ,|,CUOTA,0,334 , 109.9
Apple iPhone 13 256GB ,|,CONTADO,27%,, 129.9
Apple iPhone 13 256GB ,|,CUOTA,0,376 , 129.9
Apple iPhone 13 256GB ,|,CUOTA,0,334 , 129.9
Apple iPhone 13 256GB ,|,CONTADO,27%,, 159.5
Apple iPhone 13 256GB ,|,CUOTA,0,376 , 159.5
Apple iPhone 13 256GB ,|,CUOTA,0,334 , 159.5
Apple iPhone 13 256GB ,|,CONTADO,27%,, 209.5
Apple iPhone 13 256GB ,|,CUOTA,0,376 , 209.5
Apple iPhone 13 256GB ,|,CUOTA,0,334 , 209.5
Motorola E20 ,19%,dto.,EXCLUSIVO,, 39.9
Motorola E20 ,0,12,CUOTAS,48 , 39.9
Motorola E20 ,99,18,CUOTAS,30 , 39.9
Motorola E20 ,19%,dto.,EXCLUSIVO,, 55.9
Motorola E20 ,0,12,CUOTAS,48 , 55.9
Motorola E20 ,59,18,CUOTAS,30 , 55.9
Motorola E20 ,19%,dto.,EXCLUSIVO,, 74.9
Motorola E20 ,0,12,CUOTAS,48 , 74.9
Motorola E20 ,0,18,CUOTAS,33 , 74.9
Motorola E20 ,19%,dto.,EXCLUSIVO,, 89.9
Motorola E20 ,0,12,CUOTAS,48 , 89.9
Motorola E20 ,0,18,CUOTAS,31 , 89.9
Motorola E20 ,19%,dto.,EXCLUSIVO,, 99.9
Motorola E20 ,0,12,CUOTAS,48 , 99.9
Motorola E20 ,0,18,CUOTAS,31 , 99.9
Motorola E20 ,19%,dto.,EXCLUSIVO,, 109.9
Motorola E20 ,0,12,CUOTAS,48 , 109.9
Motorola E20 ,0,18,CUOTAS,31 , 109.9
Motorola E20 ,19%,dto.,EXCLUSIVO,, 129.9
Motorola E20 ,0,12,CUOTAS,48 , 129.9
Motorola E20 ,0,18,CUOTAS,31 , 129.9
Motorola E20 ,19%,dto.,EXCLUSIVO,, 159.5
Motorola E20 ,0,12,CUOTAS,48 , 159.5
Motorola E20 ,0,18,CUOTAS,31 , 159.5
Motorola E20 ,19%,dto.,EXCLUSIVO,, 209.5
Motorola E20 ,0,12,CUOTAS,48 , 209.5
Motorola E20 ,0,18,CUOTAS,31 , 209.5
Oppo A16 ,16%,dto.,EXCLUSIVO,, 39.9
Oppo A16 ,0,12,CUOTAS,78 , 39.9
Oppo A16 ,209,18,CUOTAS,47 , 39.9
Oppo A16 ,16%,dto.,EXCLUSIVO,, 55.9
Oppo A16 ,0,12,CUOTAS,78 , 55.9
Oppo A16 ,159,18,CUOTAS,46 , 55.9
Oppo A16 ,16%,dto.,EXCLUSIVO,, 74.9
Oppo A16 ,0,12,CUOTAS,78 , 74.9
Oppo A16 ,159,18,CUOTAS,46 , 74.9
Oppo A16 ,16%,dto.,EXCLUSIVO,, 89.9
Oppo A16 ,0,12,CUOTAS,78 , 89.9
Oppo A16 ,99,18,CUOTAS,46 , 89.9
Oppo A16 ,16%,dto.,EXCLUSIVO,, 99.9
Oppo A16 ,0,12,CUOTAS,78 , 99.9
Oppo A16 ,99,18,CUOTAS,46 , 99.9
Oppo A16 ,16%,dto.,EXCLUSIVO,, 109.9
Oppo A16 ,0,12,CUOTAS,78 , 109.9
Oppo A16 ,49,18,CUOTAS,49 , 109.9
Oppo A16 ,16%,dto.,EXCLUSIVO,, 129.9
Oppo A16 ,0,12,CUOTAS,78 , 129.9
Oppo A16 ,49,18,CUOTAS,49 , 129.9
Oppo A16 ,16%,dto.,EXCLUSIVO,, 159.5
Oppo A16 ,0,12,CUOTAS,78 , 159.5
Oppo A16 ,49,18,CUOTAS,49 , 159.5
Oppo A16 ,16%,dto.,EXCLUSIVO,, 209.5
Oppo A16 ,0,12,CUOTAS,78 , 209.5
Oppo A16 ,49,18,CUOTAS,49 , 209.5
XIAOMI Redmi Note 11 128GB ,128GB,|,CONTADO,, 39.9
XIAOMI Redmi Note 11 128GB ,128GB,|,CUOTA,82 , 39.9
XIAOMI Redmi Note 11 128GB ,128GB,|,CUOTA,50 , 39.9
XIAOMI Redmi Note 11 128GB ,128GB,|,CONTADO,, 55.9
XIAOMI Redmi Note 11 128GB ,128GB,|,CUOTA,93 , 55.9
XIAOMI Redmi Note 11 128GB ,128GB,|,CUOTA,49 , 55.9
XIAOMI Redmi Note 11 128GB ,128GB,|,CONTADO,, 74.9
XIAOMI Redmi Note 11 128GB ,128GB,|,CUOTA,89 , 74.9
XIAOMI Redmi Note 11 128GB ,128GB,|,CUOTA,49 , 74.9
XIAOMI Redmi Note 11 128GB ,128GB,|,CONTADO,, 89.9
XIAOMI Redmi Note 11 128GB ,128GB,|,CUOTA,89 , 89.9
XIAOMI Redmi Note 11 128GB ,128GB,|,CUOTA,49 , 89.9
XIAOMI Redmi Note 11 128GB ,128GB,|,CONTADO,, 99.9
XIAOMI Redmi Note 11 128GB ,128GB,|,CUOTA,89 , 99.9
XIAOMI Redmi Note 11 128GB ,128GB,|,CUOTA,49 , 99.9
XIAOMI Redmi Note 11 128GB ,128GB,|,CONTADO,, 109.9
XIAOMI Redmi Note 11 128GB ,128GB,|,CUOTA,89 , 109.9
XIAOMI Redmi Note 11 128GB ,128GB,|,CUOTA,52 , 109.9
XIAOMI Redmi Note 11 128GB ,128GB,|,CONTADO,, 129.9
XIAOMI Redmi Note 11 128GB ,128GB,|,CUOTA,89 , 129.9
XIAOMI Redmi Note 11 128GB ,128GB,|,CUOTA,52 , 129.9
XIAOMI Redmi Note 11 128GB ,128GB,|,CONTADO,, 159.5
XIAOMI Redmi Note 11 128GB ,128GB,|,CUOTA,89 , 159.5
XIAOMI Redmi Note 11 128GB ,128GB,|,CUOTA,52 , 159.5
XIAOMI Redmi Note 11 128GB ,128GB,|,CONTADO,, 209.5
XIAOMI Redmi Note 11 128GB ,128GB,|,CUOTA,89 , 209.5
XIAOMI Redmi Note 11 128GB ,128GB,|,CUOTA,52 , 209.5
Apple iPhone SE 2022 64GB ,64GB,|,CONTADO,, 39.9
Apple iPhone SE 2022 64GB ,64GB,|,CONTADO,, 55.9
Apple iPhone SE 2022 64GB ,64GB,|,CONTADO,, 74.9
Apple iPhone SE 2022 64GB ,64GB,|,CONTADO,, 89.9
Apple iPhone SE 2022 64GB ,64GB,|,CUOTA,102 , 89.9
Apple iPhone SE 2022 64GB ,64GB,|,CUOTA,102 , 89.9
Apple iPhone SE 2022 64GB ,64GB,|,CONTADO,, 99.9
Apple iPhone SE 2022 64GB ,64GB,|,CUOTA,102 , 99.9
Apple iPhone SE 2022 64GB ,64GB,|,CUOTA,102 , 99.9
Apple iPhone SE 2022 64GB ,64GB,|,CONTADO,, 109.9
Apple iPhone SE 2022 64GB ,64GB,|,CUOTA,109 , 109.9
Apple iPhone SE 2022 64GB ,64GB,|,CUOTA,109 , 109.9
Apple iPhone SE 2022 64GB ,64GB,|,CUOTA,116 , 129.9
Apple iPhone SE 2022 64GB ,64GB,|,CUOTA,116 , 129.9
Apple iPhone SE 2022 64GB ,64GB,|,CUOTA,116 , 129.9
Apple iPhone SE 2022 64GB ,64GB,|,CONTADO,, 159.5
Apple iPhone SE 2022 64GB ,64GB,|,CUOTA,109 , 159.5
Apple iPhone SE 2022 64GB ,64GB,|,CUOTA,109 , 159.5
Apple iPhone SE 2022 64GB ,64GB,|,CONTADO,, 209.5
Apple iPhone SE 2022 64GB ,64GB,|,CUOTA,116 , 209.5
Apple iPhone SE 2022 64GB ,64GB,|,CUOTA,116 , 209.5
Samsung Galaxy A13 ,CONTADO,53%,dto.,, 39.9
Samsung Galaxy A13 ,CUOTA,0,12,66 , 39.9
Samsung Galaxy A13 ,CUOTA,189,18,40 , 39.9
Samsung Galaxy A13 ,CONTADO,53%,dto.,, 55.9
Samsung Galaxy A13 ,CUOTA,0,12,84 , 55.9
Samsung Galaxy A13 ,CUOTA,129,18,40 , 55.9
Samsung Galaxy A13 ,CONTADO,53%,dto.,, 74.9
Samsung Galaxy A13 ,CUOTA,0,12,80 , 74.9
Samsung Galaxy A13 ,CUOTA,129,18,40 , 74.9
Samsung Galaxy A13 ,CONTADO,53%,dto.,, 89.9
Samsung Galaxy A13 ,CUOTA,0,12,80 , 89.9
Samsung Galaxy A13 ,CUOTA,79,18,40 , 89.9
Samsung Galaxy A13 ,CONTADO,53%,dto.,, 99.9
Samsung Galaxy A13 ,CUOTA,0,12,80 , 99.9
Samsung Galaxy A13 ,CUOTA,79,18,40 , 99.9
Samsung Galaxy A13 ,CONTADO,53%,dto.,, 109.9
Samsung Galaxy A13 ,CUOTA,0,12,80 , 109.9
Samsung Galaxy A13 ,CUOTA,39,18,42 , 109.9
Samsung Galaxy A13 ,CONTADO,53%,dto.,, 129.9
Samsung Galaxy A13 ,CUOTA,0,12,80 , 129.9
Samsung Galaxy A13 ,CUOTA,39,18,42 , 129.9
Samsung Galaxy A13 ,CONTADO,53%,dto.,, 159.5
Samsung Galaxy A13 ,CUOTA,0,12,80 , 159.5
Samsung Galaxy A13 ,CUOTA,39,18,42 , 159.5
Samsung Galaxy A13 ,CONTADO,53%,dto.,, 209.5
Samsung Galaxy A13 ,CUOTA,0,12,80 , 209.5
Samsung Galaxy A13 ,CUOTA,39,18,42 , 209.5
Apple iPhone 13 Mini 128GB ,128GB,|,CONTADO,, 39.9
Apple iPhone 13 Mini 128GB ,128GB,|,CUOTA,98 , 39.9
Apple iPhone 13 Mini 128GB ,128GB,|,CONTADO,, 55.9
Apple iPhone 13 Mini 128GB ,128GB,|,CUOTA,98 , 55.9
Apple iPhone 13 Mini 128GB ,128GB,|,CUOTA,130 , 55.9
Apple iPhone 13 Mini 128GB ,128GB,|,CONTADO,, 74.9
Apple iPhone 13 Mini 128GB ,128GB,|,CUOTA,295 , 74.9
Apple iPhone 13 Mini 128GB ,128GB,|,CUOTA,285 , 74.9
Apple iPhone 13 Mini 128GB ,128GB,|,CONTADO,, 89.9
Apple iPhone 13 Mini 128GB ,128GB,|,CUOTA,267 , 89.9
Apple iPhone 13 Mini 128GB ,128GB,|,CUOTA,262 , 89.9
Apple iPhone 13 Mini 128GB ,128GB,|,CONTADO,, 99.9
Apple iPhone 13 Mini 128GB ,128GB,|,CUOTA,267 , 99.9
Apple iPhone 13 Mini 128GB ,128GB,|,CUOTA,262 , 99.9
Apple iPhone 13 Mini 128GB ,128GB,|,CONTADO,, 109.9
Apple iPhone 13 Mini 128GB ,128GB,|,CUOTA,267 , 109.9
Apple iPhone 13 Mini 128GB ,128GB,|,CUOTA,262 , 109.9
Apple iPhone 13 Mini 128GB ,128GB,|,CONTADO,, 129.9
Apple iPhone 13 Mini 128GB ,128GB,|,CUOTA,267 , 129.9
Apple iPhone 13 Mini 128GB ,128GB,|,CUOTA,262 , 129.9
Apple iPhone 13 Mini 128GB ,128GB,|,CONTADO,, 159.5
Apple iPhone 13 Mini 128GB ,128GB,|,CUOTA,267 , 159.5
Apple iPhone 13 Mini 128GB ,128GB,|,CUOTA,262 , 159.5
Apple iPhone 13 Mini 128GB ,128GB,|,CONTADO,, 209.5
Apple iPhone 13 Mini 128GB ,128GB,|,CUOTA,267 , 209.5
Apple iPhone 13 Mini 128GB ,128GB,|,CUOTA,262 , 209.5
HONOR X9 ,58%,dto.,EXCLUSIVO,, 39.9
HONOR X9 ,0,12,CUOTAS,132 , 39.9
HONOR X9 ,58%,dto.,EXCLUSIVO,, 55.9
HONOR X9 ,0,12,CUOTAS,132 , 55.9
HONOR X9 ,58%,dto.,EXCLUSIVO,, 74.9
HONOR X9 ,0,12,CUOTAS,126 , 74.9
HONOR X9 ,58%,dto.,EXCLUSIVO,, 89.9
HONOR X9 ,0,12,CUOTAS,126 , 89.9
HONOR X9 ,58%,dto.,EXCLUSIVO,, 99.9
HONOR X9 ,0,12,CUOTAS,126 , 99.9
HONOR X9 ,58%,dto.,EXCLUSIVO,, 109.9
HONOR X9 ,0,12,CUOTAS,126 , 109.9
HONOR X9 ,58%,dto.,EXCLUSIVO,, 129.9
HONOR X9 ,0,12,CUOTAS,126 , 129.9
HONOR X9 ,58%,dto.,EXCLUSIVO,, 159.5
HONOR X9 ,0,12,CUOTAS,126 , 159.5
HONOR X9 ,58%,dto.,EXCLUSIVO,, 209.5
HONOR X9 ,0,12,CUOTAS,126 , 209.5
ZTE Blade A51 LITE ,|,CONTADO,40%,, 39.9
ZTE Blade A51 LITE ,|,CUOTA,179,22 , 39.9
ZTE Blade A51 LITE ,|,CUOTA,49,22 , 39.9
ZTE Blade A51 LITE ,|,CONTADO,40%,, 55.9
ZTE Blade A51 LITE ,|,CUOTA,179,22 , 55.9
ZTE Blade A51 LITE ,|,CUOTA,49,22 , 55.9
ZTE Blade A51 LITE ,|,CONTADO,40%,, 74.9
ZTE Blade A51 LITE ,|,CUOTA,149,22 , 74.9
ZTE Blade A51 LITE ,|,CUOTA,19,22 , 74.9
ZTE Blade A51 LITE ,|,CONTADO,40%,, 89.9
ZTE Blade A51 LITE ,|,CUOTA,149,22 , 89.9
ZTE Blade A51 LITE ,|,CUOTA,19,22 , 89.9
ZTE Blade A51 LITE ,|,CONTADO,40%,, 99.9
ZTE Blade A51 LITE ,|,CUOTA,149,22 , 99.9
ZTE Blade A51 LITE ,|,CUOTA,19,22 , 99.9
ZTE Blade A51 LITE ,|,CONTADO,40%,, 109.9
ZTE Blade A51 LITE ,|,CUOTA,149,22 , 109.9
ZTE Blade A51 LITE ,|,CUOTA,19,22 , 109.9
ZTE Blade A51 LITE ,|,CONTADO,40%,, 129.9
ZTE Blade A51 LITE ,|,CUOTA,149,22 , 129.9
ZTE Blade A51 LITE ,|,CUOTA,19,22 , 129.9
ZTE Blade A51 LITE ,|,CONTADO,40%,, 159.5
ZTE Blade A51 LITE ,|,CUOTA,149,22 , 159.5
ZTE Blade A51 LITE ,|,CUOTA,19,22 , 159.5
ZTE Blade A51 LITE ,|,CONTADO,40%,, 209.5
ZTE Blade A51 LITE ,|,CUOTA,149,22 , 209.5
ZTE Blade A51 LITE ,|,CUOTA,19,22 , 209.5
HONOR X8 + Honor Speaker ,Speaker,|,CONTADO,, 39.9
HONOR X8 + Honor Speaker ,Speaker,|,CONTADO,, 55.9
HONOR X8 + Honor Speaker ,Speaker,|,CUOTA,52 , 55.9
HONOR X8 + Honor Speaker ,Speaker,|,CUOTA,52 , 55.9
HONOR X8 + Honor Speaker ,Speaker,|,CONTADO,, 74.9
HONOR X8 + Honor Speaker ,Speaker,|,CUOTA,52 , 74.9
HONOR X8 + Honor Speaker ,Speaker,|,CUOTA,52 , 74.9
HONOR X8 + Honor Speaker ,Speaker,|,CONTADO,, 89.9
HONOR X8 + Honor Speaker ,Speaker,|,CUOTA,52 , 89.9
HONOR X8 + Honor Speaker ,Speaker,|,CUOTA,52 , 89.9
HONOR X8 + Honor Speaker ,Speaker,|,CONTADO,, 99.9
HONOR X8 + Honor Speaker ,Speaker,|,CUOTA,52 , 99.9
HONOR X8 + Honor Speaker ,Speaker,|,CUOTA,52 , 99.9
HONOR X8 + Honor Speaker ,Speaker,|,CONTADO,, 109.9
HONOR X8 + Honor Speaker ,Speaker,|,CUOTA,49 , 109.9
HONOR X8 + Honor Speaker ,Speaker,|,CUOTA,49 , 109.9
HONOR X8 + Honor Speaker ,Speaker,|,CONTADO,, 129.9
HONOR X8 + Honor Speaker ,Speaker,|,CUOTA,52 , 129.9
HONOR X8 + Honor Speaker ,Speaker,|,CUOTA,52 , 129.9
HONOR X8 + Honor Speaker ,Speaker,|,CONTADO,, 159.5
HONOR X8 + Honor Speaker ,Speaker,|,CUOTA,52 , 159.5
HONOR X8 + Honor Speaker ,Speaker,|,CUOTA,52 , 159.5
HONOR X8 + Honor Speaker ,Speaker,|,CUOTA,54 , 209.5
HONOR X8 + Honor Speaker ,Speaker,|,CUOTA,54 , 209.5
HONOR X8 + Honor Speaker ,Speaker,|,CUOTA,54 , 209.5
Samsung Galaxy A03s ,CONTADO,41%,dto.,, 39.9
Samsung Galaxy A03s ,CUOTA,0,12,50 , 39.9
Samsung Galaxy A03s ,CUOTA,139,18,31 , 39.9
Samsung Galaxy A03s ,CONTADO,41%,dto.,, 55.9
Samsung Galaxy A03s ,CUOTA,0,12,50 , 55.9
Samsung Galaxy A03s ,CUOTA,109,18,30 , 55.9
Samsung Galaxy A03s ,CONTADO,41%,dto.,, 74.9
Samsung Galaxy A03s ,CUOTA,0,12,50 , 74.9
Samsung Galaxy A03s ,CUOTA,109,18,30 , 74.9
Samsung Galaxy A03s ,CONTADO,41%,dto.,, 89.9
Samsung Galaxy A03s ,CUOTA,0,12,50 , 89.9
Samsung Galaxy A03s ,CUOTA,69,18,30 , 89.9
Samsung Galaxy A03s ,CONTADO,41%,dto.,, 99.9
Samsung Galaxy A03s ,CUOTA,0,12,50 , 99.9
Samsung Galaxy A03s ,CUOTA,69,18,30 , 99.9
Samsung Galaxy A03s ,CONTADO,41%,dto.,, 109.9
Samsung Galaxy A03s ,CUOTA,0,12,50 , 109.9
Samsung Galaxy A03s ,CUOTA,39,18,32 , 109.9
Samsung Galaxy A03s ,CONTADO,41%,dto.,, 129.9
Samsung Galaxy A03s ,CUOTA,0,12,50 , 129.9
Samsung Galaxy A03s ,CUOTA,39,18,32 , 129.9
Samsung Galaxy A03s ,CONTADO,41%,dto.,, 159.5
Samsung Galaxy A03s ,CUOTA,0,12,50 , 159.5
Samsung Galaxy A03s ,CUOTA,39,18,32 , 159.5
Samsung Galaxy A03s ,CONTADO,41%,dto.,, 209.5
Samsung Galaxy A03s ,CUOTA,0,12,50 , 209.5
Samsung Galaxy A03s ,CUOTA,39,18,32 , 209.5
Apple iPhone 13 128GB ,|,CONTADO,28%,, 39.9
Apple iPhone 13 128GB ,|,CONTADO,28%,, 55.9
Apple iPhone 13 128GB ,|,CUOTA,3299,184 , 55.9
Apple iPhone 13 128GB ,|,CUOTA,3299,167 , 55.9
Apple iPhone 13 128GB ,|,CONTADO,28%,, 74.9
Apple iPhone 13 128GB ,|,CUOTA,0,409 , 74.9
Apple iPhone 13 128GB ,|,CUOTA,0,320 , 74.9
Apple iPhone 13 128GB ,|,CONTADO,28%,, 89.9
Apple iPhone 13 128GB ,|,CUOTA,0,383 , 89.9
Apple iPhone 13 128GB ,|,CUOTA,0,303 , 89.9
Apple iPhone 13 128GB ,|,CONTADO,28%,, 99.9
Apple iPhone 13 128GB ,|,CUOTA,0,383 , 99.9
Apple iPhone 13 128GB ,|,CUOTA,0,303 , 99.9
Apple iPhone 13 128GB ,|,CONTADO,28%,, 109.9
Apple iPhone 13 128GB ,|,CUOTA,0,383 , 109.9
Apple iPhone 13 128GB ,|,CUOTA,0,303 , 109.9
Apple iPhone 13 128GB ,|,CONTADO,28%,, 129.9
Apple iPhone 13 128GB ,|,CUOTA,0,383 , 129.9
Apple iPhone 13 128GB ,|,CUOTA,0,303 , 129.9
Apple iPhone 13 128GB ,|,CONTADO,28%,, 159.5
Apple iPhone 13 128GB ,|,CUOTA,0,383 , 159.5
Apple iPhone 13 128GB ,|,CUOTA,0,303 , 159.5
Apple iPhone 13 128GB ,|,CONTADO,28%,, 209.5
Apple iPhone 13 128GB ,|,CUOTA,0,383 , 209.5
Apple iPhone 13 128GB ,|,CUOTA,0,303 , 209.5
Motorola Edge 30 Fusion + Audfonos ,+,Audfonos,|,, 39.9
Motorola Edge 30 Fusion + Audfonos ,+,Audfonos,|,, 55.9
Motorola Edge 30 Fusion + Audfonos ,+,Audfonos,|,, 74.9
Motorola Edge 30 Fusion + Audfonos ,+,Audfonos,|,, 89.9
Motorola Edge 30 Fusion + Audfonos ,+,Audfonos,|,84 , 89.9
Motorola Edge 30 Fusion + Audfonos ,+,Audfonos,|,84 , 89.9
Motorola Edge 30 Fusion + Audfonos ,+,Audfonos,|,, 99.9
Motorola Edge 30 Fusion + Audfonos ,+,Audfonos,|,84 , 99.9
Motorola Edge 30 Fusion + Audfonos ,+,Audfonos,|,84 , 99.9
Motorola Edge 30 Fusion + Audfonos ,+,Audfonos,|,, 109.9
Motorola Edge 30 Fusion + Audfonos ,+,Audfonos,|,90 , 109.9
Motorola Edge 30 Fusion + Audfonos ,+,Audfonos,|,90 , 109.9
Motorola Edge 30 Fusion + Audfonos ,+,Audfonos,|,, 129.9
Motorola Edge 30 Fusion + Audfonos ,+,Audfonos,|,95 , 129.9
Motorola Edge 30 Fusion + Audfonos ,+,Audfonos,|,95 , 129.9
Motorola Edge 30 Fusion + Audfonos ,+,Audfonos,|,, 159.5
Motorola Edge 30 Fusion + Audfonos ,+,Audfonos,|,90 , 159.5
Motorola Edge 30 Fusion + Audfonos ,+,Audfonos,|,90 , 159.5
Motorola Edge 30 Fusion + Audfonos ,+,Audfonos,|,, 209.5
Motorola Edge 30 Fusion + Audfonos ,+,Audfonos,|,95 , 209.5
Motorola Edge 30 Fusion + Audfonos ,+,Audfonos,|,95 , 209.5
Motorola Edge 30 Neo ,|,CONTADO,1449,, 39.9
Motorola Edge 30 Neo ,|,CONTADO,1449,, 55.9
Motorola Edge 30 Neo ,|,CUOTA,1539,85 , 55.9
Motorola Edge 30 Neo ,|,CUOTA,519,85 , 55.9
Motorola Edge 30 Neo ,|,CONTADO,1449,, 74.9
Motorola Edge 30 Neo ,|,CUOTA,1409,85 , 74.9
Motorola Edge 30 Neo ,|,CUOTA,389,85 , 74.9
Motorola Edge 30 Neo ,|,CONTADO,1449,, 89.9
Motorola Edge 30 Neo ,|,CUOTA,1289,85 , 89.9
Motorola Edge 30 Neo ,|,CUOTA,269,85 , 89.9
Motorola Edge 30 Neo ,|,CONTADO,1449,, 99.9
Motorola Edge 30 Neo ,|,CUOTA,1289,85 , 99.9
Motorola Edge 30 Neo ,|,CUOTA,269,85 , 99.9
Motorola Edge 30 Neo ,|,CONTADO,1449,, 109.9
Motorola Edge 30 Neo ,|,CUOTA,1209,80 , 109.9
Motorola Edge 30 Neo ,|,CUOTA,249,80 , 109.9
Motorola Edge 30 Neo ,|,CONTADO,1449,, 129.9
Motorola Edge 30 Neo ,|,CUOTA,1189,84 , 129.9
Motorola Edge 30 Neo ,|,CUOTA,179,84 , 129.9
Motorola Edge 30 Neo ,|,CONTADO,1449,, 159.5
Motorola Edge 30 Neo ,|,CUOTA,1189,84 , 159.5
Motorola Edge 30 Neo ,|,CUOTA,179,84 , 159.5
Motorola Edge 30 Neo ,|,CONTADO,1449,, 209.5
Motorola Edge 30 Neo ,|,CUOTA,1159,89 , 209.5
Motorola Edge 30 Neo ,|,CUOTA,89,89 , 209.5
Motorola Edge 30 Neo + Audfonos ,+,Audfonos,|,, 39.9
Motorola Edge 30 Neo + Audfonos ,+,Audfonos,|,, 55.9
Motorola Edge 30 Neo + Audfonos ,+,Audfonos,|,85 , 55.9
Motorola Edge 30 Neo + Audfonos ,+,Audfonos,|,85 , 55.9
Motorola Edge 30 Neo + Audfonos ,+,Audfonos,|,, 74.9
Motorola Edge 30 Neo + Audfonos ,+,Audfonos,|,85 , 74.9
Motorola Edge 30 Neo + Audfonos ,+,Audfonos,|,85 , 74.9
Motorola Edge 30 Neo + Audfonos ,+,Audfonos,|,, 89.9
Motorola Edge 30 Neo + Audfonos ,+,Audfonos,|,85 , 89.9
Motorola Edge 30 Neo + Audfonos ,+,Audfonos,|,85 , 89.9
Motorola Edge 30 Neo + Audfonos ,+,Audfonos,|,, 99.9
Motorola Edge 30 Neo + Audfonos ,+,Audfonos,|,85 , 99.9
Motorola Edge 30 Neo + Audfonos ,+,Audfonos,|,85 , 99.9
Motorola Edge 30 Neo + Audfonos ,+,Audfonos,|,, 109.9
Motorola Edge 30 Neo + Audfonos ,+,Audfonos,|,80 , 109.9
Motorola Edge 30 Neo + Audfonos ,+,Audfonos,|,80 , 109.9
Motorola Edge 30 Neo + Audfonos ,+,Audfonos,|,, 129.9
Motorola Edge 30 Neo + Audfonos ,+,Audfonos,|,84 , 129.9
Motorola Edge 30 Neo + Audfonos ,+,Audfonos,|,84 , 129.9
Motorola Edge 30 Neo + Audfonos ,+,Audfonos,|,, 159.5
Motorola Edge 30 Neo + Audfonos ,+,Audfonos,|,84 , 159.5
Motorola Edge 30 Neo + Audfonos ,+,Audfonos,|,84 , 159.5
Motorola Edge 30 Neo + Audfonos ,+,Audfonos,|,, 209.5
Motorola Edge 30 Neo + Audfonos ,+,Audfonos,|,89 , 209.5
Motorola Edge 30 Neo + Audfonos ,+,Audfonos,|,89 , 209.5
Samsung Galaxy A04e ,CONTADO,449,*,, 39.9
Samsung Galaxy A04e ,CUOTA,429,12,26 , 39.9
Samsung Galaxy A04e ,CUOTA,119,18,26 , 39.9
Samsung Galaxy A04e ,CONTADO,449,*,, 55.9
Samsung Galaxy A04e ,CUOTA,389,12,27 , 55.9
Samsung Galaxy A04e ,CUOTA,69,18,27 , 55.9
Samsung Galaxy A04e ,CONTADO,449,*,, 74.9
Samsung Galaxy A04e ,CUOTA,359,12,27 , 74.9
Samsung Galaxy A04e ,CUOTA,29,18,27 , 74.9
Samsung Galaxy A04e ,CONTADO,449,*,, 89.9
Samsung Galaxy A04e ,CUOTA,359,12,27 , 89.9
Samsung Galaxy A04e ,CUOTA,29,18,27 , 89.9
Samsung Galaxy A04e ,CONTADO,449,*,, 99.9
Samsung Galaxy A04e ,CUOTA,359,12,27 , 99.9
Samsung Galaxy A04e ,CUOTA,29,18,27 , 99.9
Samsung Galaxy A04e ,CONTADO,449,*,, 109.9
Samsung Galaxy A04e ,CUOTA,359,12,27 , 109.9
Samsung Galaxy A04e ,CUOTA,29,18,27 , 109.9
Samsung Galaxy A04e ,CONTADO,449,*,, 129.9
Samsung Galaxy A04e ,CUOTA,359,12,27 , 129.9
Samsung Galaxy A04e ,CUOTA,29,18,27 , 129.9
Samsung Galaxy A04e ,CONTADO,449,*,, 159.5
Samsung Galaxy A04e ,CUOTA,359,12,27 , 159.5
Samsung Galaxy A04e ,CUOTA,29,18,27 , 159.5
Samsung Galaxy A04e ,CONTADO,449,*,, 209.5
Samsung Galaxy A04e ,CUOTA,359,12,27 , 209.5
Samsung Galaxy A04e ,CUOTA,29,18,27 , 209.5
Motorola Moto Edge 30 Pro 5G ,Pro,5G,|,, 39.9
Motorola Moto Edge 30 Pro 5G ,Pro,5G,|,, 55.9
Motorola Moto Edge 30 Pro 5G ,Pro,5G,|,, 74.9
Motorola Moto Edge 30 Pro 5G ,Pro,5G,|,291 , 74.9
Motorola Moto Edge 30 Pro 5G ,Pro,5G,|,, 89.9
Motorola Moto Edge 30 Pro 5G ,Pro,5G,|,156 , 89.9
Motorola Moto Edge 30 Pro 5G ,Pro,5G,|,, 99.9
Motorola Moto Edge 30 Pro 5G ,Pro,5G,|,156 , 99.9
Motorola Moto Edge 30 Pro 5G ,Pro,5G,|,, 109.9
Motorola Moto Edge 30 Pro 5G ,Pro,5G,|,166 , 109.9
Motorola Moto Edge 30 Pro 5G ,Pro,5G,|,, 129.9
Motorola Moto Edge 30 Pro 5G ,Pro,5G,|,177 , 129.9
Motorola Moto Edge 30 Pro 5G ,Pro,5G,|,, 159.5
Motorola Moto Edge 30 Pro 5G ,Pro,5G,|,166 , 159.5
Motorola Moto Edge 30 Pro 5G ,Pro,5G,|,, 209.5
Motorola Moto Edge 30 Pro 5G ,Pro,5G,|,176 , 209.5
Apple iPhone 14 Plus 128GB ,128GB,|,CONTADO,, 55.9
Apple iPhone 14 Plus 128GB ,128GB,|,CONTADO,, 74.9
Apple iPhone 14 Plus 128GB ,128GB,|,CUOTA,233 , 74.9
Apple iPhone 14 Plus 128GB ,128GB,|,CUOTA,184 , 74.9
Apple iPhone 14 Plus 128GB ,128GB,|,CONTADO,, 89.9
Apple iPhone 14 Plus 128GB ,128GB,|,CUOTA,233 , 89.9
Apple iPhone 14 Plus 128GB ,128GB,|,CUOTA,184 , 89.9
Apple iPhone 14 Plus 128GB ,128GB,|,CONTADO,, 99.9
Apple iPhone 14 Plus 128GB ,128GB,|,CUOTA,233 , 99.9
Apple iPhone 14 Plus 128GB ,128GB,|,CUOTA,184 , 99.9
Apple iPhone 14 Plus 128GB ,128GB,|,CONTADO,, 109.9
Apple iPhone 14 Plus 128GB ,128GB,|,CUOTA,233 , 109.9
Apple iPhone 14 Plus 128GB ,128GB,|,CUOTA,184 , 109.9
Apple iPhone 14 Plus 128GB ,128GB,|,CONTADO,, 129.9
Apple iPhone 14 Plus 128GB ,128GB,|,CUOTA,233 , 129.9
Apple iPhone 14 Plus 128GB ,128GB,|,CUOTA,184 , 129.9
Apple iPhone 14 Plus 128GB ,128GB,|,CONTADO,, 159.5
Apple iPhone 14 Plus 128GB ,128GB,|,CUOTA,233 , 159.5
Apple iPhone 14 Plus 128GB ,128GB,|,CUOTA,184 , 159.5
Apple iPhone 14 Plus 128GB ,128GB,|,CONTADO,, 209.5
Apple iPhone 14 Plus 128GB ,128GB,|,CUOTA,233 , 209.5
Apple iPhone 14 Plus 128GB ,128GB,|,CUOTA,184 , 209.5
Apple iPhone 14 Pro 128GB ,128GB,|,CONTADO,, 55.9
Apple iPhone 14 Pro 128GB ,128GB,|,CONTADO,, 74.9
Apple iPhone 14 Pro 128GB ,128GB,|,CUOTA,258 , 74.9
Apple iPhone 14 Pro 128GB ,128GB,|,CUOTA,204 , 74.9
Apple iPhone 14 Pro 128GB ,128GB,|,CONTADO,, 89.9
Apple iPhone 14 Pro 128GB ,128GB,|,CUOTA,258 , 89.9
Apple iPhone 14 Pro 128GB ,128GB,|,CUOTA,204 , 89.9
Apple iPhone 14 Pro 128GB ,128GB,|,CONTADO,, 99.9
Apple iPhone 14 Pro 128GB ,128GB,|,CUOTA,258 , 99.9
Apple iPhone 14 Pro 128GB ,128GB,|,CUOTA,204 , 99.9
Apple iPhone 14 Pro 128GB ,128GB,|,CONTADO,, 109.9
Apple iPhone 14 Pro 128GB ,128GB,|,CUOTA,258 , 109.9
Apple iPhone 14 Pro 128GB ,128GB,|,CUOTA,204 , 109.9
Apple iPhone 14 Pro 128GB ,128GB,|,CONTADO,, 129.9
Apple iPhone 14 Pro 128GB ,128GB,|,CUOTA,258 , 129.9
Apple iPhone 14 Pro 128GB ,128GB,|,CUOTA,204 , 129.9
Apple iPhone 14 Pro 128GB ,128GB,|,CONTADO,, 159.5
Apple iPhone 14 Pro 128GB ,128GB,|,CUOTA,258 , 159.5
Apple iPhone 14 Pro 128GB ,128GB,|,CUOTA,204 , 159.5
Apple iPhone 14 Pro 128GB ,128GB,|,CONTADO,, 209.5
Apple iPhone 14 Pro 128GB ,128GB,|,CUOTA,258 , 209.5
Apple iPhone 14 Pro 128GB ,128GB,|,CUOTA,204 , 209.5
Apple iPhone 14 + Adaptador Usb C 20w ,Adaptador,Usb,C,, 55.9
Apple iPhone 14 + Adaptador Usb C 20w ,Adaptador,Usb,C,, 74.9
Apple iPhone 14 + Adaptador Usb C 20w ,Adaptador,Usb,C,199 , 74.9
Apple iPhone 14 + Adaptador Usb C 20w ,Adaptador,Usb,C,150 , 74.9
Apple iPhone 14 + Adaptador Usb C 20w ,Adaptador,Usb,C,, 89.9
Apple iPhone 14 + Adaptador Usb C 20w ,Adaptador,Usb,C,199 , 89.9
Apple iPhone 14 + Adaptador Usb C 20w ,Adaptador,Usb,C,150 , 89.9
Apple iPhone 14 + Adaptador Usb C 20w ,Adaptador,Usb,C,, 99.9
Apple iPhone 14 + Adaptador Usb C 20w ,Adaptador,Usb,C,199 , 99.9
Apple iPhone 14 + Adaptador Usb C 20w ,Adaptador,Usb,C,150 , 99.9
Apple iPhone 14 + Adaptador Usb C 20w ,Adaptador,Usb,C,, 109.9
Apple iPhone 14 + Adaptador Usb C 20w ,Adaptador,Usb,C,199 , 109.9
Apple iPhone 14 + Adaptador Usb C 20w ,Adaptador,Usb,C,150 , 109.9
Apple iPhone 14 + Adaptador Usb C 20w ,Adaptador,Usb,C,, 129.9
Apple iPhone 14 + Adaptador Usb C 20w ,Adaptador,Usb,C,199 , 129.9
Apple iPhone 14 + Adaptador Usb C 20w ,Adaptador,Usb,C,150 , 129.9
Apple iPhone 14 + Adaptador Usb C 20w ,Adaptador,Usb,C,, 159.5
Apple iPhone 14 + Adaptador Usb C 20w ,Adaptador,Usb,C,199 , 159.5
Apple iPhone 14 + Adaptador Usb C 20w ,Adaptador,Usb,C,150 , 159.5
Apple iPhone 14 + Adaptador Usb C 20w ,Adaptador,Usb,C,, 209.5
Apple iPhone 14 + Adaptador Usb C 20w ,Adaptador,Usb,C,199 , 209.5
Apple iPhone 14 + Adaptador Usb C 20w ,Adaptador,Usb,C,150 , 209.5
Apple iPhone 14 Plus + Airpods 2da Gen ,+,Airpods,2da,, 55.9
Apple iPhone 14 Plus + Airpods 2da Gen ,+,Airpods,2da,, 74.9
Apple iPhone 14 Plus + Airpods 2da Gen ,+,Airpods,2da,233 , 74.9
Apple iPhone 14 Plus + Airpods 2da Gen ,+,Airpods,2da,184 , 74.9
Apple iPhone 14 Plus + Airpods 2da Gen ,+,Airpods,2da,, 89.9
Apple iPhone 14 Plus + Airpods 2da Gen ,+,Airpods,2da,233 , 89.9
Apple iPhone 14 Plus + Airpods 2da Gen ,+,Airpods,2da,184 , 89.9
Apple iPhone 14 Plus + Airpods 2da Gen ,+,Airpods,2da,, 99.9
Apple iPhone 14 Plus + Airpods 2da Gen ,+,Airpods,2da,233 , 99.9
Apple iPhone 14 Plus + Airpods 2da Gen ,+,Airpods,2da,184 , 99.9
Apple iPhone 14 Plus + Airpods 2da Gen ,+,Airpods,2da,, 109.9
Apple iPhone 14 Plus + Airpods 2da Gen ,+,Airpods,2da,233 , 109.9
Apple iPhone 14 Plus + Airpods 2da Gen ,+,Airpods,2da,184 , 109.9
Apple iPhone 14 Plus + Airpods 2da Gen ,+,Airpods,2da,, 129.9
Apple iPhone 14 Plus + Airpods 2da Gen ,+,Airpods,2da,233 , 129.9
Apple iPhone 14 Plus + Airpods 2da Gen ,+,Airpods,2da,184 , 129.9
Apple iPhone 14 Plus + Airpods 2da Gen ,+,Airpods,2da,, 159.5
Apple iPhone 14 Plus + Airpods 2da Gen ,+,Airpods,2da,233 , 159.5
Apple iPhone 14 Plus + Airpods 2da Gen ,+,Airpods,2da,184 , 159.5
Apple iPhone 14 Plus + Airpods 2da Gen ,+,Airpods,2da,, 209.5
Apple iPhone 14 Plus + Airpods 2da Gen ,+,Airpods,2da,233 , 209.5
Apple iPhone 14 Plus + Airpods 2da Gen ,+,Airpods,2da,184 , 209.5
Apple iPhone 11 64GB ,|,CONTADO,30%,, 39.9
Apple iPhone 11 64GB ,|,CONTADO,30%,, 55.9
Apple iPhone 11 64GB ,|,CONTADO,30%,, 74.9
Apple iPhone 11 64GB ,|,CONTADO,30%,, 89.9
Apple iPhone 11 64GB ,|,CONTADO,30%,, 99.9
Apple iPhone 11 64GB ,|,CONTADO,30%,, 109.9
Apple iPhone 11 64GB ,|,CONTADO,30%,, 129.9
Apple iPhone 11 64GB ,|,CONTADO,30%,, 159.5
Apple iPhone 11 64GB ,|,CONTADO,30%,, 209.5
HONOR 70 256GB + Earbuds X ,Earbuds,X,|,, 39.9
HONOR 70 256GB + Earbuds X ,Earbuds,X,|,, 55.9
HONOR 70 256GB + Earbuds X ,Earbuds,X,|,, 74.9
HONOR 70 256GB + Earbuds X ,Earbuds,X,|,, 89.9
HONOR 70 256GB + Earbuds X ,Earbuds,X,|,, 99.9
HONOR 70 256GB + Earbuds X ,Earbuds,X,|,, 109.9
HONOR 70 256GB + Earbuds X ,Earbuds,X,|,, 129.9
HONOR 70 256GB + Earbuds X ,Earbuds,X,|,, 159.5
HONOR 70 256GB + Earbuds X ,Earbuds,X,|,, 209.5
Samsung Galaxy S20 FE 5G ,5G,|,CONTADO,, 39.9
Samsung Galaxy S20 FE 5G ,5G,|,CONTADO,, 55.9
Samsung Galaxy S20 FE 5G ,5G,|,CONTADO,, 74.9
Samsung Galaxy S20 FE 5G ,5G,|,CONTADO,, 89.9
Samsung Galaxy S20 FE 5G ,5G,|,CUOTA,117 , 89.9
Samsung Galaxy S20 FE 5G ,5G,|,CUOTA,117 , 89.9
Samsung Galaxy S20 FE 5G ,5G,|,CONTADO,, 99.9
Samsung Galaxy S20 FE 5G ,5G,|,CUOTA,117 , 99.9
Samsung Galaxy S20 FE 5G ,5G,|,CUOTA,117 , 99.9
Samsung Galaxy S20 FE 5G ,5G,|,CONTADO,, 109.9
Samsung Galaxy S20 FE 5G ,5G,|,CUOTA,125 , 109.9
Samsung Galaxy S20 FE 5G ,5G,|,CUOTA,125 , 109.9
Samsung Galaxy S20 FE 5G ,5G,|,CONTADO,, 129.9
Samsung Galaxy S20 FE 5G ,5G,|,CUOTA,132 , 129.9
Samsung Galaxy S20 FE 5G ,5G,|,CUOTA,132 , 129.9
Samsung Galaxy S20 FE 5G ,5G,|,CONTADO,, 159.5
Samsung Galaxy S20 FE 5G ,5G,|,CUOTA,125 , 159.5
Samsung Galaxy S20 FE 5G ,5G,|,CUOTA,125 , 159.5
Samsung Galaxy S20 FE 5G ,5G,|,CONTADO,, 209.5
Samsung Galaxy S20 FE 5G ,5G,|,CUOTA,132 , 209.5
Samsung Galaxy S20 FE 5G ,5G,|,CUOTA,132 , 209.5
Motorola Moto G22 ,CONTADO,629,*,, 39.9
Motorola Moto G22 ,CUOTA,0,12,80 , 39.9
Motorola Moto G22 ,CUOTA,229,18,48 , 39.9
Motorola Moto G22 ,CONTADO,629,*,, 55.9
Motorola Moto G22 ,CUOTA,0,12,80 , 55.9
Motorola Moto G22 ,CUOTA,159,18,48 , 55.9
Motorola Moto G22 ,CONTADO,589,*,, 74.9
Motorola Moto G22 ,CUOTA,0,12,80 , 74.9
Motorola Moto G22 ,CUOTA,159,18,48 , 74.9
Motorola Moto G22 ,CONTADO,589,*,, 89.9
Motorola Moto G22 ,CUOTA,0,12,80 , 89.9
Motorola Moto G22 ,CUOTA,99,18,48 , 89.9
Motorola Moto G22 ,CONTADO,589,*,, 99.9
Motorola Moto G22 ,CUOTA,0,12,80 , 99.9
Motorola Moto G22 ,CUOTA,99,18,48 , 99.9
Motorola Moto G22 ,CONTADO,589,*,, 109.9
Motorola Moto G22 ,CUOTA,0,12,80 , 109.9
Motorola Moto G22 ,CUOTA,49,18,51 , 109.9
Motorola Moto G22 ,CONTADO,589,*,, 129.9
Motorola Moto G22 ,CUOTA,0,12,80 , 129.9
Motorola Moto G22 ,CUOTA,49,18,51 , 129.9
Motorola Moto G22 ,CONTADO,589,*,, 159.5
Motorola Moto G22 ,CUOTA,0,12,80 , 159.5
Motorola Moto G22 ,CUOTA,49,18,51 , 159.5
Motorola Moto G22 ,CONTADO,589,*,, 209.5
Motorola Moto G22 ,CUOTA,0,12,80 , 209.5
Motorola Moto G22 ,CUOTA,49,18,51 , 209.5
VIVO Y22s ,859,*,39.9,, 39.9
VIVO Y22s ,909,12,CUOTAS,50 , 39.9
VIVO Y22s ,309,18,CUOTAS,50 , 39.9
VIVO Y22s ,859,*,55.9,, 55.9
VIVO Y22s ,759,12,CUOTAS,50 , 55.9
VIVO Y22s ,159,18,CUOTAS,50 , 55.9
VIVO Y22s ,859,*,74.9,, 74.9
VIVO Y22s ,759,12,CUOTAS,50 , 74.9
VIVO Y22s ,159,18,CUOTAS,50 , 74.9
VIVO Y22s ,859,*,89.9,, 89.9
VIVO Y22s ,699,12,CUOTAS,50 , 89.9
VIVO Y22s ,99,18,CUOTAS,50 , 89.9
VIVO Y22s ,859,*,99.9,, 99.9
VIVO Y22s ,699,12,CUOTAS,50 , 99.9
VIVO Y22s ,99,18,CUOTAS,50 , 99.9
VIVO Y22s ,859,*,109.9,, 109.9
VIVO Y22s ,679,12,CUOTAS,53 , 109.9
VIVO Y22s ,49,18,CUOTAS,53 , 109.9
VIVO Y22s ,859,*,129.9,, 129.9
VIVO Y22s ,679,12,CUOTAS,53 , 129.9
VIVO Y22s ,49,18,CUOTAS,53 , 129.9
VIVO Y22s ,859,*,159.5,, 159.5
VIVO Y22s ,679,12,CUOTAS,53 , 159.5
VIVO Y22s ,49,18,CUOTAS,53 , 159.5
VIVO Y22s ,859,*,209.5,, 209.5
VIVO Y22s ,679,12,CUOTAS,53 , 209.5
VIVO Y22s ,49,18,CUOTAS,53 , 209.5
SAMSUNG Galaxy A22 64GB ,|,CONTADO,829,, 39.9
SAMSUNG Galaxy A22 64GB ,|,CUOTA,569,46 , 39.9
SAMSUNG Galaxy A22 64GB ,|,CUOTA,289,46 , 39.9
SAMSUNG Galaxy A22 64GB ,|,CUOTA,149,46 , 55.9
SAMSUNG Galaxy A22 64GB ,|,CUOTA,429,46 , 55.9
SAMSUNG Galaxy A22 64GB ,|,CUOTA,149,46 , 55.9
SAMSUNG Galaxy A22 64GB ,|,CONTADO,829,, 74.9
SAMSUNG Galaxy A22 64GB ,|,CUOTA,429,46 , 74.9
SAMSUNG Galaxy A22 64GB ,|,CUOTA,149,46 , 74.9
SAMSUNG Galaxy A22 64GB ,|,CONTADO,829,, 89.9
SAMSUNG Galaxy A22 64GB ,|,CUOTA,369,46 , 89.9
SAMSUNG Galaxy A22 64GB ,|,CUOTA,89,46 , 89.9
SAMSUNG Galaxy A22 64GB ,|,CONTADO,829,, 99.9
SAMSUNG Galaxy A22 64GB ,|,CUOTA,369,46 , 99.9
SAMSUNG Galaxy A22 64GB ,|,CUOTA,89,46 , 99.9
SAMSUNG Galaxy A22 64GB ,|,CONTADO,829,, 109.9
SAMSUNG Galaxy A22 64GB ,|,CUOTA,349,48 , 109.9
SAMSUNG Galaxy A22 64GB ,|,CUOTA,59,48 , 109.9
SAMSUNG Galaxy A22 64GB ,|,CONTADO,829,, 129.9
SAMSUNG Galaxy A22 64GB ,|,CUOTA,349,48 , 129.9
SAMSUNG Galaxy A22 64GB ,|,CUOTA,59,48 , 129.9
SAMSUNG Galaxy A22 64GB ,|,CUOTA,59,48 , 159.5
SAMSUNG Galaxy A22 64GB ,|,CUOTA,349,48 , 159.5
SAMSUNG Galaxy A22 64GB ,|,CUOTA,59,48 , 159.5
SAMSUNG Galaxy A22 64GB ,|,CONTADO,829,, 209.5
SAMSUNG Galaxy A22 64GB ,|,CUOTA,349,48 , 209.5
SAMSUNG Galaxy A22 64GB ,|,CUOTA,59,48 , 209.5
Samsung Galaxy A33 ,CONTADO,42%,dto.,, 39.9
Samsung Galaxy A33 ,CONTADO,42%,dto.,, 55.9
Samsung Galaxy A33 ,CONTADO,42%,dto.,, 74.9
Samsung Galaxy A33 ,CONTADO,42%,dto.,, 89.9
Samsung Galaxy A33 ,CONTADO,42%,dto.,, 99.9
Samsung Galaxy A33 ,CONTADO,42%,dto.,, 109.9
Samsung Galaxy A33 ,CONTADO,42%,dto.,, 129.9
Samsung Galaxy A33 ,CONTADO,42%,dto.,, 159.5
Samsung Galaxy A33 ,CONTADO,42%,dto.,, 209.5
Xiaomi Redmi 10C 3+64GB ,|,CONTADO,619,, 39.9
Xiaomi Redmi 10C 3+64GB ,|,CUOTA,419,35 , 39.9
Xiaomi Redmi 10C 3+64GB ,|,CUOTA,209,35 , 39.9
Xiaomi Redmi 10C 3+64GB ,|,CONTADO,619,, 55.9
Xiaomi Redmi 10C 3+64GB ,|,CUOTA,319,34 , 55.9
Xiaomi Redmi 10C 3+64GB ,|,CUOTA,119,34 , 55.9
Xiaomi Redmi 10C 3+64GB ,|,CONTADO,619,, 74.9
Xiaomi Redmi 10C 3+64GB ,|,CUOTA,319,34 , 74.9
Xiaomi Redmi 10C 3+64GB ,|,CUOTA,119,34 , 74.9
Xiaomi Redmi 10C 3+64GB ,|,CONTADO,619,, 89.9
Xiaomi Redmi 10C 3+64GB ,|,CUOTA,279,34 , 89.9
Xiaomi Redmi 10C 3+64GB ,|,CUOTA,79,34 , 89.9
Xiaomi Redmi 10C 3+64GB ,|,CONTADO,619,, 99.9
Xiaomi Redmi 10C 3+64GB ,|,CUOTA,279,34 , 99.9
Xiaomi Redmi 10C 3+64GB ,|,CUOTA,79,34 , 99.9
Xiaomi Redmi 10C 3+64GB ,|,CONTADO,619,, 109.9
Xiaomi Redmi 10C 3+64GB ,|,CUOTA,259,36 , 109.9
Xiaomi Redmi 10C 3+64GB ,|,CUOTA,39,36 , 109.9
Xiaomi Redmi 10C 3+64GB ,|,CONTADO,619,, 129.9
Xiaomi Redmi 10C 3+64GB ,|,CUOTA,259,36 , 129.9
Xiaomi Redmi 10C 3+64GB ,|,CUOTA,39,36 , 129.9
Xiaomi Redmi 10C 3+64GB ,|,CONTADO,619,, 159.5
Xiaomi Redmi 10C 3+64GB ,|,CUOTA,259,36 , 159.5
Xiaomi Redmi 10C 3+64GB ,|,CUOTA,39,36 , 159.5
Xiaomi Redmi 10C 3+64GB ,|,CONTADO,619,, 209.5
Xiaomi Redmi 10C 3+64GB ,|,CUOTA,259,36 , 209.5
Xiaomi Redmi 10C 3+64GB ,|,CUOTA,39,36 , 209.5
SAMSUNG Galaxy A04 ,CONTADO,569,*,, 39.9
SAMSUNG Galaxy A04 ,CUOTA,359,12,33 , 39.9
SAMSUNG Galaxy A04 ,CUOTA,159,18,33 , 39.9
SAMSUNG Galaxy A04 ,CONTADO,569,*,, 55.9
SAMSUNG Galaxy A04 ,CUOTA,289,12,35 , 55.9
SAMSUNG Galaxy A04 ,CUOTA,79,18,35 , 55.9
SAMSUNG Galaxy A04 ,CONTADO,569,*,, 74.9
SAMSUNG Galaxy A04 ,CUOTA,249,12,35 , 74.9
SAMSUNG Galaxy A04 ,CUOTA,39,18,35 , 74.9
SAMSUNG Galaxy A04 ,CONTADO,569,*,, 89.9
SAMSUNG Galaxy A04 ,CUOTA,249,12,35 , 89.9
SAMSUNG Galaxy A04 ,CUOTA,39,18,35 , 89.9
SAMSUNG Galaxy A04 ,CONTADO,569,*,, 99.9
SAMSUNG Galaxy A04 ,CUOTA,249,12,35 , 99.9
SAMSUNG Galaxy A04 ,CUOTA,39,18,35 , 99.9
SAMSUNG Galaxy A04 ,CONTADO,569,*,, 109.9
SAMSUNG Galaxy A04 ,CUOTA,249,12,35 , 109.9
SAMSUNG Galaxy A04 ,CUOTA,39,18,35 , 109.9
SAMSUNG Galaxy A04 ,CONTADO,569,*,, 129.9
SAMSUNG Galaxy A04 ,CUOTA,249,12,35 , 129.9
SAMSUNG Galaxy A04 ,CUOTA,39,18,35 , 129.9
SAMSUNG Galaxy A04 ,CONTADO,569,*,, 159.5
SAMSUNG Galaxy A04 ,CUOTA,249,12,35 , 159.5
SAMSUNG Galaxy A04 ,CUOTA,39,18,35 , 159.5
SAMSUNG Galaxy A04 ,CONTADO,569,*,, 209.5
SAMSUNG Galaxy A04 ,CUOTA,249,12,35 , 209.5
SAMSUNG Galaxy A04 ,CUOTA,39,18,35 , 209.5
Samsung Galaxy S22 Ultra ,|,CUOTA,0,469 , 74.9
Samsung Galaxy S22 Ultra ,|,CUOTA,0,469 , 74.9
Samsung Galaxy S22 Ultra ,|,CUOTA,0,469 , 74.9
Samsung Galaxy S22 Ultra ,|,CUOTA,0,469 , 74.9
Samsung Galaxy S22 Ultra ,|,CUOTA,0,469 , 74.9
Samsung Galaxy S22 Ultra ,|,CUOTA,0,469 , 74.9
Samsung Galaxy S22 Ultra ,|,CUOTA,0,469 , 74.9
XIAOMI Redmi Note 11S ,|,CONTADO,1079,, 39.9
XIAOMI Redmi Note 11S ,|,CONTADO,1079,, 55.9
XIAOMI Redmi Note 11S ,|,CUOTA,729,61 , 55.9
XIAOMI Redmi Note 11S ,|,CUOTA,359,61 , 55.9
XIAOMI Redmi Note 11S ,|,CONTADO,1079,, 74.9
XIAOMI Redmi Note 11S ,|,CUOTA,639,60 , 74.9
XIAOMI Redmi Note 11S ,|,CUOTA,279,60 , 74.9
XIAOMI Redmi Note 11S ,|,CONTADO,1079,, 89.9
XIAOMI Redmi Note 11S ,|,CUOTA,559,60 , 89.9
XIAOMI Redmi Note 11S ,|,CUOTA,199,60 , 89.9
XIAOMI Redmi Note 11S ,|,CONTADO,1079,, 99.9
XIAOMI Redmi Note 11S ,|,CUOTA,559,60 , 99.9
XIAOMI Redmi Note 11S ,|,CUOTA,199,60 , 99.9
XIAOMI Redmi Note 11S ,|,CONTADO,1079,, 109.9
XIAOMI Redmi Note 11S ,|,CUOTA,529,56 , 109.9
XIAOMI Redmi Note 11S ,|,CUOTA,189,56 , 109.9
XIAOMI Redmi Note 11S ,|,CONTADO,1079,, 129.9
XIAOMI Redmi Note 11S ,|,CUOTA,479,60 , 129.9
XIAOMI Redmi Note 11S ,|,CUOTA,119,60 , 129.9
XIAOMI Redmi Note 11S ,|,CONTADO,1079,, 159.5
XIAOMI Redmi Note 11S ,|,CUOTA,479,60 , 159.5
XIAOMI Redmi Note 11S ,|,CUOTA,119,60 , 159.5
XIAOMI Redmi Note 11S ,|,CONTADO,1079,, 209.5
XIAOMI Redmi Note 11S ,|,CUOTA,449,63 , 209.5
XIAOMI Redmi Note 11S ,|,CUOTA,69,63 , 209.5
Oppo A57 128GB ,CONTADO,899,*,, 39.9
Oppo A57 128GB ,CONTADO,899,*,, 55.9
Oppo A57 128GB ,CUOTA,0,12,81 , 55.9
Oppo A57 128GB ,CONTADO,899,*,, 74.9
Oppo A57 128GB ,CUOTA,0,12,78 , 74.9
Oppo A57 128GB ,CONTADO,899,*,, 89.9
Oppo A57 128GB ,CUOTA,539,12,44 , 89.9
Oppo A57 128GB ,CUOTA,269,18,44 , 89.9
Oppo A57 128GB ,CONTADO,899,*,, 99.9
Oppo A57 128GB ,CUOTA,539,12,44 , 99.9
Oppo A57 128GB ,CUOTA,269,18,44 , 99.9
Oppo A57 128GB ,CONTADO,899,*,, 109.9
Oppo A57 128GB ,CUOTA,499,12,47 , 109.9
Oppo A57 128GB ,CUOTA,219,18,47 , 109.9
Oppo A57 128GB ,CONTADO,899,*,, 129.9
Oppo A57 128GB ,CUOTA,459,12,50 , 129.9
Oppo A57 128GB ,CUOTA,159,18,50 , 129.9
Oppo A57 128GB ,CONTADO,899,*,, 159.5
Oppo A57 128GB ,CUOTA,439,12,47 , 159.5
Oppo A57 128GB ,CUOTA,159,18,47 , 159.5
Oppo A57 128GB ,CONTADO,899,*,, 209.5
Oppo A57 128GB ,CUOTA,399,12,50 , 209.5
Oppo A57 128GB ,CUOTA,99,18,50 , 209.5
Honor X6 ,719,*,39.9,, 39.9
Honor X6 ,489,12,CUOTAS,41 , 39.9
Honor X6 ,239,18,CUOTAS,41 , 39.9
Honor X6 ,719,*,55.9,, 55.9
Honor X6 ,379,12,CUOTAS,40 , 55.9
Honor X6 ,139,18,CUOTAS,40 , 55.9
Honor X6 ,719,*,74.9,, 74.9
Honor X6 ,379,12,CUOTAS,40 , 74.9
Honor X6 ,139,18,CUOTAS,40 , 74.9
Honor X6 ,719,*,89.9,, 89.9
Honor X6 ,329,12,CUOTAS,40 , 89.9
Honor X6 ,89,18,CUOTAS,40 , 89.9
Honor X6 ,719,*,99.9,, 99.9
Honor X6 ,329,12,CUOTAS,40 , 99.9
Honor X6 ,89,18,CUOTAS,40 , 99.9
Honor X6 ,719,*,109.9,, 109.9
Honor X6 ,299,12,CUOTAS,42 , 109.9
Honor X6 ,49,18,CUOTAS,42 , 109.9
Honor X6 ,719,*,129.9,, 129.9
Honor X6 ,299,12,CUOTAS,42 , 129.9
Honor X6 ,49,18,CUOTAS,42 , 129.9
Honor X6 ,719,*,159.5,, 159.5
Honor X6 ,299,12,CUOTAS,42 , 159.5
Honor X6 ,49,18,CUOTAS,42 , 159.5
Honor X6 ,49,18,CUOTAS,42 , 209.5
Honor X6 ,299,12,CUOTAS,42 , 209.5
Honor X6 ,49,18,CUOTAS,42 , 209.5
